Workbook

Sheet Products2
A1: inv | B1: date | C1: decade | D1: group | E1: vigade | F1: quinade | G1: slaves | H1: beesten | I1: paarden | J1: schapen | K1: ploeg | L1: koornharp | M1: schuijt | N1: emmers | O1: graaven | P1: geweer | Q1: brandewijnskeetels | R1: waagen | S1: aambeeld | T1: bankschroef | U1: balans | V1: tang | W1: stoven | X1: kadels | Y1: stoel | Z1: broek | AA1: strijkijsters | AB1: boeken | AC1: horlogie | AD1: snuijfdoos | AE1: schilderij | AF1: spiegel | AG1: vogelkooi | AH1: ring
A2: INV0001 | B2: 1673 | C2: 1700 | D2: 1 | E2: 1700 | G2: 0 | H2: 4 | I2: 0 | J2: 0 | K2: 0 | L2: 0 | M2: 0 | N2: 0 | O2: 2 | P2: 1 | Q2: 0 | R2: 0 | S2: 0 | T2: 0 | U2: 0 | V2: 1 | W2: 0 | X2: 0 | Y2: 0 | Z2: 1 | AA2: 0 | AB2: 0 | AC2: 0 | AD2: 0 | AE2: 2 | AF2: 0 | AG2: 0 | AH2: 2
A3: INV0012 | B3: 1685 | C3: 1700 | D3: 3 | E3: 1700 | G3: 12 | H3: 70 | I3: 6 | J3: 425 | K3: 0 | L3: 0 | M3: 0 | N3: 2 | O3: 0 | P3: 0 | Q3: 0 | R3: 0 | S3: 0 | T3: 0 | U3: 0 | V3: 2 | W3: 0 | X3: 2 | Y3: 20 | Z3: 0 | AA3: 0 | AB3: 5 | AC3: 0 | AD3: 0 | AE3: 0 | AF3: 2 | AG3: 0 | AH3: 0
A4: INV2444 | B4: 1687 | C4: 1700 | D4: 1 | E4: 1700 | G4: 0 | H4: 6 | I4: 0 | J4: 70 | K4: 0 | L4: 0 | M4: 0 | N4: 0 | O4: 0 | P4: 0 | Q4: 0 | R4: 0 | S4: 0 | T4: 0 | U4: 0 | V4: 0 | W4: 0 | X4: 0 | Y4: 0 | Z4: 0 | AA4: 0 | AB4: 0 | AC4: 0 | AD4: 0 | AE4: 0 | AF4: 0 | AG4: 0 | AH4: 0
A5: INV0044 | B5: 1688 | C5: 1700 | D5: 2 | E5: 1700 | G5: 1 | H5: 12 | I5: 2 | J5: 550 | K5: 2 | L5: 0 | M5: 0 | N5: 1 | O5: 2 | P5: 1 | Q5: 0 | R5: 1 | S5: 0 | T5: 0 | U5: 0 | V5: 1 | W5: 0 | X5: 0 | Y5: 0 | Z5: 0 | AA5: 1 | AB5: 0 | AC5: 0 | AD5: 0 | AE5: 0 | AF5: 0 | AG5: 0 | AH5: 0
A6: INV2445 | B6: 1689 | C6: 1700 | D6: 1 | E6: 1700 | G6: 0 | H6: 0 | I6: 0 | J6: 99 | K6: 0 | L6: 0 | M6: 0 | N6: 0 | O6: 0 | P6: 0 | Q6: 0 | R6: 0 | S6: 0 | T6: 0 | U6: 0 | V6: 0 | W6: 0 | X6: 1 | Y6: 0 | Z6: 1 | AA6: 0 | AB6: 0 | AC6: 0 | AD6: 0 | AE6: 0 | AF6: 0 | AG6: 0 | AH6: 0
A7: INV2446 | B7: 1689 | C7: 1700 | D7: 2 | E7: 1700 | G7: 1 | H7: 11 | I7: 2 | J7: 200 | K7: 1 | L7: 0 | M7: 0 | N7: 0 | O7: 0 | P7: 0 | Q7: 0 | R7: 1 | S7: 0 | T7: 0 | U7: 0 | V7: 0 | W7: 0 | X7: 0 | Y7: 0 | Z7: 0 | AA7: 0 | AB7: 0 | AC7: 0 | AD7: 0 | AE7: 0 | AF7: 0 | AG7: 0 | AH7: 0
A8: INV2447 | B8: 1689 | C8: 1700 | D8: 2 | E8: 1700 | G8: 1 | H8: 32 | I8: 3 | J8: 100 | K8: 1 | L8: 0 | M8: 0 | N8: 0 | O8: 0 | P8: 0 | Q8: 0 | R8: 1 | S8: 0 | T8: 0 | U8: 0 | V8: 0 | W8: 0 | X8: 0 | Y8: 0 | Z8: 0 | AA8: 0 | AB8: 0 | AC8: 0 | AD8: 0 | AE8: 0 | AF8: 0 | AG8: 0 | AH8: 0
A9: INV2448 | B9: 1689 | C9: 1700 | D9: 1 | E9: 1700 | G9: 0 | H9: 7 | I9: 0 | J9: 0 | K9: 1 | L9: 0 | M9: 0 | N9: 0 | O9: 0 | P9: 0 | Q9: 0 | R9: 1 | S9: 0 | T9: 0 | U9: 0 | V9: 0 | W9: 0 | X9: 0 | Y9: 0 | Z9: 0 | AA9: 0 | AB9: 0 | AC9: 0 | AD9: 0 | AE9: 0 | AF9: 0 | AG9: 0 | AH9: 0
A10: INV2449 | B10: 1689 | C10: 1700 | D10: 1 | E10: 1700 | G10: 0 | H10: 40 | I10: 2 | J10: 0 | K10: 1 | L10: 0 | M10: 0 | N10: 0 | O10: 0 | P10: 0 | Q10: 0 | R10: 1 | S10: 0 | T10: 0 | U10: 0 | V10: 0 | W10: 0 | X10: 0 | Y10: 0 | Z10: 0 | AA10: 0 | AB10: 0 | AC10: 0 | AD10: 0 | AE10: 0 | AF10: 0 | AG10: 0 | AH10: 0
A11: INV2450 | B11: 1689 | C11: 1700 | D11: 1 | E11: 1700 | G11: 0 | H11: 30 | I11: 3 | J11: 250 | K11: 1 | L11: 0 | M11: 0 | N11: 0 | O11: 0 | P11: 0 | Q11: 0 | R11: 1 | S11: 0 | T11: 0 | U11: 0 | V11: 0 | W11: 0 | X11: 0 | Y11: 0 | Z11: 0 | AA11: 0 | AB11: 0 | AC11: 0 | AD11: 0 | AE11: 0 | AF11: 0 | AG11: 0 | AH11: 0
A12: INV2451 | B12: 1689 | C12: 1700 | D12: 1 | E12: 1700 | G12: 0 | H12: 13 | I12: 2 | J12: 0 | K12: 1 | L12: 0 | M12: 0 | N12: 0 | O12: 0 | P12: 0 | Q12: 0 | R12: 1 | S12: 0 | T12: 0 | U12: 0 | V12: 0 | W12: 0 | X12: 0 | Y12: 0 | Z12: 0 | AA12: 0 | AB12: 0 | AC12: 0 | AD12: 0 | AE12: 0 | AF12: 0 | AG12: 0 | AH12: 0
A13: INV2452 | B13: 1689 | C13: 1700 | D13: 1 | E13: 1700 | G13: 0 | H13: 17 | I13: 0 | J13: 20 | K13: 1 | L13: 0 | M13: 0 | N13: 3 | O13: 1 | P13: 1 | Q13: 0 | R13: 0 | S13: 0 | T13: 0 | U13: 0 | V13: 1 | W13: 0 | X13: 0 | Y13: 0 | Z13: 0 | AA13: 0 | AB13: 0 | AC13: 0 | AD13: 0 | AE13: 0 | AF13: 0 | AG13: 0 | AH13: 0
... A18: INV0082 | B18: 1692 | C18: 1700 | D18: 1 | E18: 1700 | G18: 0 | H18: 0 | I18: 0 | J18: 0 | K18: 0 | L18: 0 | M18: 0 | N18: 0 | O18: 0 | P18: 0 | Q18: 0 | R18: 0 | S18: 0 | T18: 0 | U18: 0 | V18: 0 | W18: 0 | X18: 0 | Y18: 0 | Z18: 0 | AA18: 0 | AB18: 0 | AC18: 0 | AD18: 0 | AE18: 0 | AF18: 0 | AG18: 0 | AH18: 0
A19: INV0054 | B19: 1693 | C19: 1700 | D19: 1 | E19: 1700 | F19: 1697 | G19: 0 | H19: 4 | I19: 3 | J19: 300 | K19: 0 | L19: 0 | M19: 0 | N19: 2 | O19: 2 | P19: 1 | Q19: 0 | R19: 1 | S19: 0 | T19: 0 | U19: 0 | V19: 0 | W19: 0 | X19: 0 | Y19: 3 | Z19: 0 | AA19: 1 | AB19: 0 | AC19: 0 | AD19: 0 | AE19: 0 | AF19: 2 | AG19: 1 | AH19: 0
A20: INV0064 | B20: 1693 | C20: 1700 | D20: 3 | E20: 1700 | F20: 1697 | G20: 9 | H20: 175 | I20: 0 | J20: 1700 | K20: 0 | L20: 0 | M20: 0 | N20: 0 | O20: 0 | P20: 0 | Q20: 0 | R20: 0 | S20: 0 | T20: 0 | U20: 0 | V20: 0 | W20: 0 | X20: 0 | Y20: 0 | Z20: 0 | AA20: 0 | AB20: 0 | AC20: 0 | AD20: 0 | AE20: 0 | AF20: 0 | AG20: 0 | AH20: 0
A21: INV0075 | B21: 1693 | C21: 1700 | D21: 3 | E21: 1700 | F21: 1697 | G21: 5 | H21: 0 | I21: 0 | J21: 0 | K21: 0 | L21: 0 | M21: 0 | N21: 0 | O21: 0 | P21: 2 | Q21: 0 | R21: 0 | S21: 0 | T21: 0 | U21: 0 | V21: 1 | W21: 0 | X21: 0 | Y21: 10 | Z21: 0 | AA21: 3 | AB21: 0 | AC21: 0 | AD21: 0 | AE21: 0 | AF21: 1 | AG21: 0 | AH21: 4
A22: INV0002 | B22: 1694 | C22: 1700 | D22: 3 | E22: 1700 | F22: 1697 | G22: 5 | H22: 10 | I22: 8 | J22: 300 | K22: 1 | L22: 0 | M22: 0 | N22: 4 | O22: 4 | P22: 3 | Q22: 0 | R22: 2 | S22: 0 | T22: 0 | U22: 0 | V22: 1 | W22: 0 | X22: 2 | Y22: 14 | Z22: 0 | AA22: 3 | AB22: 0 | AC22: 0 | AD22: 0 | AE22: 0 | AF22: 1 | AG22: 0 | AH22: 0
A23: INV0003 | B23: 1694 | C23: 1700 | D23: 2 | E23: 1700 | F23: 1697 | G23: 2 | H23: 42 | I23: 5 | J23: 350 | K23: 0 | L23: 0 | M23: 0 | N23: 0 | O23: 0 | P23: 0 | Q23: 0 | R23: 0 | S23: 0 | T23: 0 | U23: 0 | V23: 0 | W23: 0 | X23: 0 | Y23: 0 | Z23: 0 | AA23: 0 | AB23: 0 | AC23: 0 | AD23: 0 | AE23: 0 | AF23: 0 | AG23: 0 | AH23: 0
A24: INV0004 | B24: 1695 | C24: 1700 | D24: 2 | E24: 1700 | F24: 1697 | G24: 4 | H24: 40 | I24: 3 | J24: 60 | K24: 1 | L24: 0 | M24: 0 | N24: 0 | O24: 0 | P24: 0 | Q24: 0 | R24: 1 | S24: 0 | T24: 0 | U24: 0 | V24: 0 | W24: 0 | X24: 0 | Y24: 0 | Z24: 0 | AA24: 0 | AB24: 0 | AC24: 0 | AD24: 0 | AE24: 0 | AF24: 0 | AG24: 0 | AH24: 0
A25: INV0005 | B25: 1695 | C25: 1700 | D25: 2 | E25: 1700 | F25: 1697 | G25: 1 | H25: 0 | I25: 0 | J25: 0 | K25: 0 | L25: 0 | M25: 0 | N25: 0 | O25: 0 | P25: 0 | Q25: 0 | R25: 0 | S25: 0 | T25: 0 | U25: 0 | V25: 2 | W25: 0 | X25: 4 | Y25: 12 | Z25: 0 | AA25: 2 | AB25: 0 | AC25: 1 | AD25: 0 | AE25: 5 | AF25: 19 | AG25: 0 | AH25: 0
A26: INV0006 | B26: 1695 | C26: 1700 | D26: 2 | E26: 1700 | F26: 1697 | G26: 1 | H26: 0 | I26: 1 | J26: 0 | K26: 0 | L26: 0 | M26: 0 | N26: 0 | O26: 0 | P26: 1 | Q26: 0 | R26: 0 | S26: 0 | T26: 0 | U26: 0 | V26: 0 | W26: 0 | X26: 0 | Y26: 0 | Z26: 0 | AA26: 0 | AB26: 0 | AC26: 0 | AD26: 0 | AE26: 0 | AF26: 0 | AG26: 0 | AH26: 0
A27: INV0007 | B27: 1695 | C27: 1700 | D27: 3 | E27: 1700 | F27: 1697 | G27: 9 | H27: 50 | I27: 3 | J27: 600 | K27: 0 | L27: 0 | M27: 0 | N27: 0 | O27: 0 | P27: 0 | Q27: 0 | R27: 0 | S27: 0 | T27: 0 | U27: 0 | V27: 0 | W27: 0 | X27: 0 | Y27: 0 | Z27: 0 | AA27: 0 | AB27: 0 | AC27: 0 | AD27: 0 | AE27: 0 | AF27: 0 | AG27: 0 | AH27: 0
A28: INV0008 | B28: 1696 | C28: 1700 | D28: 2 | E28: 1700 | F28: 1697 | G28: 2 | H28: 8 | I28: 0 | J28: 0 | K28: 0 | L28: 0 | M28: 0 | N28: 0 | O28: 1 | P28: 1 | Q28: 0 | R28: 0 | S28: 0 | T28: 0 | U28: 0 | V28: 0 | W28: 0 | X28: 1 | Y28: 2 | Z28: 0 | AA28: 0 | AB28: 0 | AC28: 0 | AD28: 0 | AE28: 0 | AF28: 0 | AG28: 0 | AH28: 0
A29: INV0009 | B29: 1696 | C29: 1700 | D29: 1 | E29: 1700 | F29: 1697 | G29: 0 | H29: 36 | I29: 2 | J29: 0 | K29: 0 | L29: 0 | M29: 0 | N29: 0 | O29: 0 | P29: 0 | Q29: 0 | R29: 0 | S29: 0 | T29: 0 | U29: 0 | V29: 0 | W29: 0 | X29: 0 | Y29: 0 | Z29: 0 | AA29: 0 | AB29: 0 | AC29: 0 | AD29: 0 | AE29: 0 | AF29: 0 | AG29: 0 | AH29: 0
A30: INV0010 | B30: 1696 | C30: 1700 | D30: 2 | E30: 1700 | F30: 1697 | G30: 4 | H30: 120 | I30: 5 | J30: 250 | K30: 0 | L30: 0 | M30: 0 | N30: 0 | O30: 0 | P30: 0 | Q30: 0 | R30: 0 | S30: 0 | T30: 0 | U30: 0 | V30: 0 | W30: 0 | X30: 0 | Y30: 0 | Z30: 0 | AA30: 0 | AB30: 0 | AC30: 0 | AD30: 0 | AE30: 0 | AF30: 0 | AG30: 0 | AH30: 0
... A2323: INV2571 | B2323: 1802 | C2323: 1806 | D2323: 1 | E2323: 1806 | F2323: 1802 | G2323: 0 | H2323: 0 | I2323: 0 | J2323: 0 | K2323: 0 | L2323: 0 | M2323: 0 | N2323: 0 | O2323: 0 | P2323: 0 | Q2323: 0 | R2323: 0 | S2323: 0 | T2323: 0 | U2323: 0 | V2323: 0 | W2323: 0 | X2323: 0 | Y2323: 0 | Z2323: 0 | AA2323: 0 | AB2323: 0 | AC2323: 0 | AD2323: 0 | AE2323: 0 | AF2323: 0 | AG2323: 0 | AH2323: 0
A2324: INV1087 | B2324: 1803 | C2324: 1806 | D2324: 1 | E2324: 1806 | G2324: 0 | H2324: 0 | I2324: 0 | J2324: 0 | K2324: 0 | L2324: 0 | M2324: 0 | N2324: 0 | O2324: 0 | P2324: 0 | Q2324: 0 | R2324: 0 | S2324: 0 | T2324: 0 | U2324: 0 | V2324: 0 | W2324: 0 | X2324: 0 | Y2324: 0 | Z2324: 24 | AA2324: 0 | AB2324: 25 | AC2324: 1 | AD2324: 2 | AE2324: 0 | AF2324: 0 | AG2324: 0 | AH2324: 2
A2325: INV1091 | B2325: 1803 | C2325: 1806 | D2325: 2 | E2325: 1806 | G2325: 2 | H2325: 0 | I2325: 1 | J2325: 0 | K2325: 0 | L2325: 0 | M2325: 0 | N2325: 0 | O2325: 0 | P2325: 0 | Q2325: 0 | R2325: 0 | S2325: 0 | T2325: 0 | U2325: 0 | V2325: 0 | W2325: 0 | X2325: 2 | Y2325: 0 | Z2325: 0 | AA2325: 1 | AB2325: 5 | AC2325: 0 | AD2325: 0 | AE2325: 0 | AF2325: 0 | AG2325: 0 | AH2325: 0
A2326: INV1096 | B2326: 1803 | C2326: 1806 | D2326: 2 | E2326: 1806 | G2326: 3 | H2326: 0 | I2326: 0 | J2326: 0 | K2326: 0 | L2326: 0 | M2326: 0 | N2326: 0 | O2326: 0 | P2326: 0 | Q2326: 0 | R2326: 0 | S2326: 0 | T2326: 0 | U2326: 0 | V2326: 0 | W2326: 0 | X2326: 0 | Y2326: 0 | Z2326: 12 | AA2326: 0 | AB2326: 0 | AC2326: 0 | AD2326: 0 | AE2326: 0 | AF2326: 0 | AG2326: 0 | AH2326: 0
A2327: INV1102 | B2327: 1803 | C2327: 1806 | D2327: 3 | E2327: 1806 | G2327: 7 | H2327: 34 | I2327: 15 | J2327: 2 | K2327: 3 | L2327: 1 | M2327: 0 | N2327: 2 | O2327: 3 | P2327: 1 | Q2327: 0 | R2327: 0 | S2327: 0 | T2327: 1 | U2327: 0 | V2327: 0 | W2327: 0 | X2327: 4 | Y2327: 10 | Z2327: 0 | AA2327: 0 | AB2327: 0 | AC2327: 1 | AD2327: 0 | AE2327: 6 | AF2327: 0 | AG2327: 2 | AH2327: 0
A2328: INV1103 | B2328: 1803 | C2328: 1806 | D2328: 2 | E2328: 1806 | G2328: 3 | H2328: 32 | I2328: 6 | J2328: 240 | K2328: 1 | L2328: 0 | M2328: 0 | N2328: 2 | O2328: 2 | P2328: 1 | Q2328: 0 | R2328: 0 | S2328: 0 | T2328: 0 | U2328: 0 | V2328: 0 | W2328: 0 | X2328: 0 | Y2328: 4 | Z2328: 0 | AA2328: 1 | AB2328: 0 | AC2328: 0 | AD2328: 0 | AE2328: 0 | AF2328: 0 | AG2328: 0 | AH2328: 0
A2329: INV1113 | B2329: 1803 | C2329: 1806 | D2329: 2 | E2329: 1806 | G2329: 3 | H2329: 15 | I2329: 1 | J2329: 46 | K2329: 2 | L2329: 0 | M2329: 0 | N2329: 4 | O2329: 2 | P2329: 3 | Q2329: 0 | R2329: 1 | S2329: 1 | T2329: 1 | U2329: 0 | V2329: 4 | W2329: 0 | X2329: 2 | Y2329: 3 | Z2329: 0 | AA2329: 0 | AB2329: 5 | AC2329: 1 | AD2329: 1 | AE2329: 0 | AF2329: 0 | AG2329: 0 | AH2329: 0
A2330: INV1117 | B2330: 1803 | C2330: 1806 | D2330: 3 | E2330: 1806 | G2330: 6 | H2330: 12 | I2330: 0 | J2330: 0 | K2330: 1 | L2330: 0 | M2330: 0 | N2330: 1 | O2330: 0 | P2330: 0 | Q2330: 0 | R2330: 0 | S2330: 0 | T2330: 0 | U2330: 0 | V2330: 0 | W2330: 0 | X2330: 2 | Y2330: 6 | Z2330: 0 | AA2330: 0 | AB2330: 5 | AC2330: 1 | AD2330: 0 | AE2330: 0 | AF2330: 0 | AG2330: 0 | AH2330: 0
A2331: INV1120 | B2331: 1803 | C2331: 1806 | D2331: 2 | E2331: 1806 | G2331: 2 | H2331: 17 | I2331: 7 | J2331: 0 | K2331: 1 | L2331: 0 | M2331: 0 | N2331: 3 | O2331: 3 | P2331: 1 | Q2331: 0 | R2331: 0 | S2331: 0 | T2331: 0 | U2331: 0 | V2331: 0 | W2331: 0 | X2331: 0 | Y2331: 2 | Z2331: 0 | AA2331: 1 | AB2331: 0 | AC2331: 0 | AD2331: 0 | AE2331: 0 | AF2331: 0 | AG2331: 0 | AH2331: 0
A2332: INV1146 | B2332: 1803 | C2332: 1806 | D2332: 3 | E2332: 1806 | G2332: 7 | H2332: 0 | I2332: 0 | J2332: 0 | K2332: 0 | L2332: 0 | M2332: 0 | N2332: 0 | O2332: 0 | P2332: 0 | Q2332: 0 | R2332: 0 | S2332: 0 | T2332: 0 | U2332: 1 | V2332: 0 | W2332: 0 | X2332: 0 | Y2332: 8 | Z2332: 0 | AA2332: 1 | AB2332: 0 | AC2332: 0 | AD2332: 1 | AE2332: 8 | AF2332: 4 | AG2332: 3 | AH2332: 0
A2333: INV1156 | B2333: 1803 | C2333: 1806 | D2333: 3 | E2333: 1806 | G2333: 7 | H2333: 0 | I2333: 0 | J2333: 0 | K2333: 0 | L2333: 0 | M2333: 0 | N2333: 0 | O2333: 0 | P2333: 0 | Q2333: 0 | R2333: 0 | S2333: 0 | T2333: 0 | U2333: 0 | V2333: 0 | W2333: 0 | X2333: 0 | Y2333: 12 | Z2333: 2 | AA2333: 0 | AB2333: 2 | AC2333: 0 | AD2333: 0 | AE2333: 6 | AF2333: 0 | AG2333: 0 | AH2333: 0
A2334: INV1157 | B2334: 1803 | C2334: 1806 | D2334: 3 | E2334: 1806 | G2334: 8 | H2334: 4 | I2334: 0 | J2334: 0 | K2334: 0 | L2334: 0 | M2334: 0 | N2334: 4 | O2334: 0 | P2334: 0 | Q2334: 0 | R2334: 0 | S2334: 0 | T2334: 1 | U2334: 4 | V2334: 4 | W2334: 1 | X2334: 13 | Y2334: 49 | Z2334: 0 | AA2334: 6 | AB2334: 0 | AC2334: 2 | AD2334: 4 | AE2334: 57 | AF2334: 24 | AG2334: 7 | AH2334: 3
A2335: INV1158 | B2335: 1803 | C2335: 1806 | D2335: 2 | E2335: 1806 | G2335: 1 | H2335: 0 | I2335: 0 | J2335: 0 | K2335: 0 | L2335: 0 | M2335: 0 | N2335: 2 | O2335: 0 | P2335: 0 | Q2335: 0 | R2335: 0 | S2335: 0 | T2335: 0 | U2335: 1 | V2335: 0 | W2335: 3 | X2335: 1 | Y2335: 12 | Z2335: 0 | AA2335: 0 | AB2335: 1 | AC2335: 2 | AD2335: 0 | AE2335: 2 | AF2335: 2 | AG2335: 0 | AH2335: 0
... A2578: INV2338 | B2578: 1806 | C2578: 1806 | D2578: 4 | E2578: 1806 | G2578: 24 | H2578: 0 | I2578: 0 | J2578: 0 | K2578: 0 | L2578: 0 | M2578: 0 | N2578: 0 | O2578: 0 | P2578: 0 | Q2578: 0 | R2578: 0 | S2578: 0 | T2578: 0 | U2578: 0 | V2578: 0 | W2578: 0 | X2578: 0 | Y2578: 0 | Z2578: 0 | AA2578: 0 | AB2578: 0 | AC2578: 0 | AD2578: 0 | AE2578: 0 | AF2578: 0 | AG2578: 0 | AH2578: 0

Sheet Prices2
A1: stats | B1: Slaves | C1: Cattle | D1: Horses | E1: Sheep | F1: Ploughs | G1: Corn sieves | H1: Boats | I1: Buckets | J1: Spades | K1: Guns | L1: Brandy stills | M1: Wagons | N1: Anvil | O1: Bench vice | P1: Balance | Q1: Fire-tong | R1: Oven | S1: Bedstead | T1: Chairs | U1: Trousers | V1: Irons | W1: Books | X1: Clocks and watches | Y1: Snuff-box | Z1: Paintings | AA1: Mirrors | AB1: Bird cage | AC1: Gold rings
A2: N | B2: 1102 | C2: 3401 | D2: 650 | E2: 909 | F2: 143 | G2: 18 | H2: 11 | I2: 263 | J2: 62 | K2: 250 | L2: 46 | M2: 279 | N2: 7 | O2: 10 | P2: 171 | Q2: 74 | R2: 80 | S2: 348 | T2: 1250 | U2: 57 | V2: 140 | W2: 326 | X2: 49 | Y2: 64 | Z2: 548 | AA2: 356 | AB2: 55 | AC2: 110
A3: sum | B3: 6716319 | C3: 1529962 | D3: 631379.2 | E3: 51431.65 | F3: 54721 | G3: 20508 | H3: 18502 | I3: 12842.52 | J3: 1898.496 | K3: 52879.9 | L3: 83748 | M3: 554226 | N3: 6480 | O3: 3612 | P3: 34441 | Q3: 3193.5 | R3: 1943.814 | S3: 32861 | T3: 75512.12 | U3: 4294 | V3: 8037 | W3: 17437.95 | X3: 42204 | Y3: 9507.5 | Z3: 59764.28 | AA3: 84812.8 | AB3: 4890.6 | AC3: 38722
A4: mean | B4: 6094.663 | C4: 449.8565 | D4: 971.3526 | E4: 56.58047 | F4: 382.6643 | G4: 1139.333 | H4: 1682 | I4: 48.83088 | J4: 30.62091 | K4: 211.5196 | L4: 1820.609 | M4: 1986.473 | N4: 925.7143 | O4: 361.2 | P4: 201.4094 | Q4: 43.15541 | R4: 24.29768 | S4: 94.42816 | T4: 60.4097 | U4: 75.33333 | V4: 57.40714 | W4: 53.49065 | X4: 861.3061 | Y4: 148.5547 | Z4: 109.0589 | AA4: 238.2382 | AB4: 88.92 | AC4: 352.0182
A5: sd | B5: 3535.873 | C5: 251.1412 | D5: 808.3029 | E5: 30.29686 | F5: 264.353 | G5: 542.4216 | H5: 1285.254 | I5: 44.3449 | J5: 18.33612 | K5: 217.9181 | L5: 1450.28 | M5: 1564.008 | N5: 900.5846 | O5: 158.7904 | P5: 279.2055 | Q5: 27.72158 | R5: 21.83574 | S5: 72.19164 | T5: 34.38891 | U5: 51.43289 | V5: 41.09756 | W5: 81.49733 | X5: 1020.61 | Y5: 156.6615 | Z5: 145.0699 | AA5: 334.9988 | AB5: 83.39071 | AC5: 588.9727
A6: min | B6: 48 | C6: 20.4 | D6: 24 | E6: 6.8 | F6: 24 | G6: 120 | H6: 400 | I6: 3 | J6: 4.615385 | K6: 10 | L6: 81 | M6: 8 | N6: 90 | O6: 144 | P6: 6 | Q6: 12 | R6: 2 | S6: 1.5 | T6: 1.2 | U6: 3 | V6: 4 | W6: 1.2 | X6: 12 | Y6: 6 | Z6: 1 | AA6: 3 | AB6: 12 | AC6: 21
A7: max | B7: 32736 | C7: 2016 | D7: 4800 | E7: 141.42 | F7: 1416 | G7: 2112 | H7: 4320 | I7: 378 | J7: 108 | K7: 1602 | L7: 5856 | M7: 9696 | N7: 2400 | O7: 672 | P7: 1776 | Q7: 162 | R7: 108 | S7: 408 | T7: 396 | U7: 270 | V7: 210 | W7: 960 | X7: 4800 | Y7: 828 | Z7: 852 | AA7: 2400 | AB7: 492 | AC7: 3360
A8: p50 | B8: 5412 | C8: 417 | D8: 759 | E8: 48.48 | F8: 312 | G8: 1083 | H8: 1440 | I8: 38 | J8: 27.75 | K8: 150 | L8: 1695 | M8: 1632 | N8: 738 | O8: 342 | P8: 114 | Q8: 36 | R8: 18 | S8: 78 | T8: 54 | U8: 63 | V8: 48 | W8: 32 | X8: 582 | Y8: 100.5 | Z8: 54 | AA8: 108 | AB8: 60 | AC8: 147
A9: mean (rds) | B9: =B4/48 -> 126.97215 | C9: =C4/48 -> 9.3720104 | D9: =D4/48 -> 20.236512 | E9: =E4/48 -> 1.1787598 | F9: =F4/48 -> 7.9721729 | G9: =G4/48 -> 23.736104 | H9: =H4/48 -> 35.041667 | I9: =I4/48 -> 1.01731 | ... AC9: =AC4/48 -> 7.3337125
A10: median (rds) | B10: =B8/48 -> 112.75 | C10: =C8/48 -> 8.6875 | D10: =D8/48 -> 15.8125 | E10: =E8/48 -> 1.01 | F10: =F8/48 -> 6.5 | G10: =G8/48 -> 22.5625 | H10: =H8/48 -> 30 | I10: =I8/48 -> 0.79166667 | ... AC10: =AC8/48 -> 3.0625

Sheet Value2
A1: inv | B1: nr | C1: date | D1: decade | E1: group | F1: vigade | G1: quinade | H1: stb | I1: slawerijks | J1: beestenrijks | K1: paardenrijks | L1: schapenrijks | M1: ploegrijks | N1: harprijks | O1: schuijtrijks | P1: emmersrijks | Q1: gravenrijks | R1: geweerrijks | S1: ketelrijks | T1: wagenrijks | U1: aambeeldrijks | V1: bankschroefrijks | W1: balansrijks | X1: tangrijks | Y1: stovenrijks | Z1: bedrijks | AA1: stoelrijks | AB1: broekenrijks | AC1: strijkijsersrijks | AD1: boekrijks | AE1: horologiesrijks | AF1: doosrijks | AG1: schilderijrijks | AH1: spiegelrijks | AI1: vogelkooijrijks | AJ1: ringrijks | AK1: wealthrijks | AL1: totalns | AN1: nr | AO1: decade | AP1: date | AQ1: total | AS1: date | AT1: total | BE1: Year | BF1: Obs | BG1: Mean | BH1: Lower | BI1: Upper | BM1: date | BN1: total no zero
A2: INV0001 | B2: 1 | C2: 1673 | D2: 1700 | E2: 1 | F2: 1700 | H2: 0 | I2: =Products2!G2*Prices2!B$10 -> 0 | J2: =Products2!H2*Prices2!C$10 -> 34.75 | K2: =Products2!I2*Prices2!D$10 -> 0 | L2: =Products2!J2*Prices2!E$10 -> 0 | M2: =Products2!K2*Prices2!F$10 -> 0 | N2: =Products2!L2*Prices2!G$10 -> 0 | O2: =Products2!M2*Prices2!H$10 -> 0 | P2: =Products2!N2*Prices2!I$10 -> 0 | ... AJ2: =Products2!AH2*Prices2!AC$10 -> 6.125 | AK2: =SUM(I2:AJ2) -> 49.46875 | AL2: =AK2-I2 -> 49.46875 | AN2: 1 | AO2: 1700 | AP2: 1673 | AQ2: 49.46875 | AS2: 1673 | AT2: 49.47 | AX2: graph box total, over(decade) nooutsides | BE2: 1700 | BF2: 71 | BG2: 759.3011 | BH2: 475.7277 | BI2: 1042.875 | BM2: 1673 | BN2: 49.47
A3: INV0012 | B3: 1 | C3: 1685 | D3: 1700 | E3: 3 | F3: 1700 | H3: 0 | I3: =Products2!G3*Prices2!B$10 -> 1353 | J3: =Products2!H3*Prices2!C$10 -> 608.125 | K3: =Products2!I3*Prices2!D$10 -> 94.875 | L3: =Products2!J3*Prices2!E$10 -> 429.25 | M3: =Products2!K3*Prices2!F$10 -> 0 | N3: =Products2!L3*Prices2!G$10 -> 0 | O3: =Products2!M3*Prices2!H$10 -> 0 | P3: =Products2!N3*Prices2!I$10 -> 1.5833333 | ... AJ3: =Products2!AH3*Prices2!AC$10 -> 0 | AK3: =SUM(I3:AJ3) -> 2521.9167 | AL3: =AK3-I3 -> 1168.9167 | AN3: 2 | AO3: 1700 | AP3: 1685 | AQ3: 2521.9167 | AS3: 1685 | AT3: 2521.92 | BE3: 1710 | BF3: 77 | BG3: 1478.792 | BH3: 1001.015 | BI3: 1956.568 | BM3: 1685 | BN3: 2521.92
A4: INV2444 | B4: 1 | C4: 1687 | D4: 1700 | E4: 1 | F4: 1700 | H4: 1 | I4: =Products2!G4*Prices2!B$10 -> 0 | J4: =Products2!H4*Prices2!C$10 -> 52.125 | K4: =Products2!I4*Prices2!D$10 -> 0 | L4: =Products2!J4*Prices2!E$10 -> 70.7 | M4: =Products2!K4*Prices2!F$10 -> 0 | N4: =Products2!L4*Prices2!G$10 -> 0 | O4: =Products2!M4*Prices2!H$10 -> 0 | P4: =Products2!N4*Prices2!I$10 -> 0 | ... AJ4: =Products2!AH4*Prices2!AC$10 -> 0 | AK4: =SUM(I4:AJ4) -> 122.825 | AL4: =AK4-I4 -> 122.825 | AN4: 3 | AO4: 1700 | AP4: 1687 | AQ4: 122.825 | AS4: 1687 | AT4: 122.83 | BE4: 1720 | BF4: 198 | BG4: 1109.55 | BH4: 889.909 | BI4: 1329.192 | BM4: 1687 | BN4: 122.83
A5: INV0044 | B5: 1 | C5: 1688 | D5: 1700 | E5: 2 | F5: 1700 | H5: 1 | I5: =Products2!G5*Prices2!B$10 -> 112.75 | J5: =Products2!H5*Prices2!C$10 -> 104.25 | K5: =Products2!I5*Prices2!D$10 -> 31.625 | L5: =Products2!J5*Prices2!E$10 -> 555.5 | M5: =Products2!K5*Prices2!F$10 -> 13 | N5: =Products2!L5*Prices2!G$10 -> 0 | O5: =Products2!M5*Prices2!H$10 -> 0 | P5: =Products2!N5*Prices2!I$10 -> 0.79166667 | ... AJ5: =Products2!AH5*Prices2!AC$10 -> 0 | AK5: =SUM(I5:AJ5) -> 857.94792 | AL5: =AK5-I5 -> 745.19792 | AN5: 4 | AO5: 1700 | AP5: 1688 | AQ5: 857.94792 | AS5: 1688 | AT5: 857.95 | BE5: 1730 | BF5: 135 | BG5: 1223.558 | BH5: 959.8813 | BI5: 1487.235 | BM5: 1688 | BN5: 857.95
A6: INV2445 | B6: 1 | C6: 1689 | D6: 1700 | E6: 1 | F6: 1700 | H6: 1 | I6: =Products2!G6*Prices2!B$10 -> 0 | J6: =Products2!H6*Prices2!C$10 -> 0 | K6: =Products2!I6*Prices2!D$10 -> 0 | L6: =Products2!J6*Prices2!E$10 -> 99.99 | M6: =Products2!K6*Prices2!F$10 -> 0 | N6: =Products2!L6*Prices2!G$10 -> 0 | O6: =Products2!M6*Prices2!H$10 -> 0 | P6: =Products2!N6*Prices2!I$10 -> 0 | ... AJ6: =Products2!AH6*Prices2!AC$10 -> 0 | AK6: =SUM(I6:AJ6) -> 102.9275 | AL6: =AK6-I6 -> 102.9275 | AN6: 5 | AO6: 1700 | AP6: 1689 | AQ6: 102.9275 | AS6: 1689 | AT6: 331.668 | BE6: 1740 | BF6: 157 | BG6: 1816.855 | BH6: 1475.665 | BI6: 2158.046 | BM6: 1689 | BN6: 102.93
A7: INV2446 | B7: 1 | C7: 1689 | D7: 1700 | E7: 2 | F7: 1700 | H7: 1 | I7: =Products2!G7*Prices2!B$10 -> 112.75 | J7: =Products2!H7*Prices2!C$10 -> 95.5625 | K7: =Products2!I7*Prices2!D$10 -> 31.625 | L7: =Products2!J7*Prices2!E$10 -> 202 | M7: =Products2!K7*Prices2!F$10 -> 6.5 | N7: =Products2!L7*Prices2!G$10 -> 0 | O7: =Products2!M7*Prices2!H$10 -> 0 | P7: =Products2!N7*Prices2!I$10 -> 0 | ... AJ7: =Products2!AH7*Prices2!AC$10 -> 0 | AK7: =SUM(I7:AJ7) -> 482.4375 | AL7: =AK7-I7 -> 369.6875 | AN7: 6 | AO7: 1700 | AP7: 1689 | AQ7: 482.4375 | AS7: 1690 | AT7: 474.63 | BE7: 1750 | BF7: 122 | BG7: 2084.04 | BH7: 1679.319 | BI7: 2488.761 | BM7: 1689 | BN7: 482.44
A8: INV2447 | B8: 1 | C8: 1689 | D8: 1700 | E8: 2 | F8: 1700 | H8: 1 | I8: =Products2!G8*Prices2!B$10 -> 112.75 | J8: =Products2!H8*Prices2!C$10 -> 278 | K8: =Products2!I8*Prices2!D$10 -> 47.4375 | L8: =Products2!J8*Prices2!E$10 -> 101 | M8: =Products2!K8*Prices2!F$10 -> 6.5 | N8: =Products2!L8*Prices2!G$10 -> 0 | O8: =Products2!M8*Prices2!H$10 -> 0 | P8: =Products2!N8*Prices2!I$10 -> 0 | ... AJ8: =Products2!AH8*Prices2!AC$10 -> 0 | AK8: =SUM(I8:AJ8) -> 579.6875 | AL8: =AK8-I8 -> 466.9375 | AN8: 7 | AO8: 1700 | AP8: 1689 | AQ8: 579.6875 | AS8: 1691 | AT8: 0 | BE8: 1760 | BF8: 157 | BG8: 1520.238 | BH8: 1216.225 | BI8: 1824.252 | BM8: 1689 | BN8: 579.69
A9: INV2448 | B9: 1 | C9: 1689 | D9: 1700 | E9: 1 | F9: 1700 | H9: 1 | I9: =Products2!G9*Prices2!B$10 -> 0 | J9: =Products2!H9*Prices2!C$10 -> 60.8125 | K9: =Products2!I9*Prices2!D$10 -> 0 | L9: =Products2!J9*Prices2!E$10 -> 0 | M9: =Products2!K9*Prices2!F$10 -> 6.5 | N9: =Products2!L9*Prices2!G$10 -> 0 | O9: =Products2!M9*Prices2!H$10 -> 0 | P9: =Products2!N9*Prices2!I$10 -> 0 | ... AJ9: =Products2!AH9*Prices2!AC$10 -> 0 | AK9: =SUM(I9:AJ9) -> 101.3125 | AL9: =AK9-I9 -> 101.3125 | AN9: 8 | AO9: 1700 | AP9: 1689 | AQ9: 101.3125 | AS9: 1692 | AT9: 161.363 | BE9: 1770 | BF9: 245 | BG9: 1556.942 | BH9: 1307.112 | BI9: 1806.771 | BM9: 1689 | BN9: 101.31
A10: INV2449 | B10: 1 | C10: 1689 | D10: 1700 | E10: 1 | F10: 1700 | H10: 1 | I10: =Products2!G10*Prices2!B$10 -> 0 | J10: =Products2!H10*Prices2!C$10 -> 347.5 | K10: =Products2!I10*Prices2!D$10 -> 31.625 | L10: =Products2!J10*Prices2!E$10 -> 0 | M10: =Products2!K10*Prices2!F$10 -> 6.5 | N10: =Products2!L10*Prices2!G$10 -> 0 | O10: =Products2!M10*Prices2!H$10 -> 0 | P10: =Products2!N10*Prices2!I$10 -> 0 | ... AJ10: =Products2!AH10*Prices2!AC$10 -> 0 | AK10: =SUM(I10:AJ10) -> 419.625 | AL10: =AK10-I10 -> 419.625 | AN10: 9 | AO10: 1700 | AP10: 1689 | AQ10: 419.625 | AS10: 1693 | AT10: 1762.25 | BE10: 1780 | BF10: 290 | BG10: 1971.839 | BH10: 1643.064 | BI10: 2300.614 | BM10: 1689 | BN10: 419.63
A11: INV2450 | B11: 1 | C11: 1689 | D11: 1700 | E11: 1 | F11: 1700 | H11: 1 | I11: =Products2!G11*Prices2!B$10 -> 0 | J11: =Products2!H11*Prices2!C$10 -> 260.625 | K11: =Products2!I11*Prices2!D$10 -> 47.4375 | L11: =Products2!J11*Prices2!E$10 -> 252.5 | M11: =Products2!K11*Prices2!F$10 -> 6.5 | N11: =Products2!L11*Prices2!G$10 -> 0 | O11: =Products2!M11*Prices2!H$10 -> 0 | P11: =Products2!N11*Prices2!I$10 -> 0 | ... AJ11: =Products2!AH11*Prices2!AC$10 -> 0 | AK11: =SUM(I11:AJ11) -> 601.0625 | AL11: =AK11-I11 -> 601.0625 | AN11: 10 | AO11: 1700 | AP11: 1689 | AQ11: 601.0625 | AS11: 1694 | AT11: 1108.71 | BE11: 1790 | BF11: 362 | BG11: 1978.699 | BH11: 1696.183 | BI11: 2261.215 | BM11: 1689 | BN11: 601.06
A12: INV2451 | B12: 1 | C12: 1689 | D12: 1700 | E12: 1 | F12: 1700 | H12: 1 | I12: =Products2!G12*Prices2!B$10 -> 0 | J12: =Products2!H12*Prices2!C$10 -> 112.9375 | K12: =Products2!I12*Prices2!D$10 -> 31.625 | L12: =Products2!J12*Prices2!E$10 -> 0 | M12: =Products2!K12*Prices2!F$10 -> 6.5 | N12: =Products2!L12*Prices2!G$10 -> 0 | O12: =Products2!M12*Prices2!H$10 -> 0 | P12: =Products2!N12*Prices2!I$10 -> 0 | ... AJ12: =Products2!AH12*Prices2!AC$10 -> 0 | AK12: =SUM(I12:AJ12) -> 185.0625 | AL12: =AK12-I12 -> 185.0625 | AN12: 11 | AO12: 1700 | AP12: 1689 | AQ12: 185.0625 | AS12: 1695 | AT12: 844.51 | BE12: 1800 | BF12: 414 | BG12: 1633.469 | BH12: 1442.306 | BI12: 1824.633 | BM12: 1689 | BN12: 185.06
A13: INV2452 | B13: 1 | C13: 1689 | D13: 1700 | E13: 1 | F13: 1700 | H13: 1 | I13: =Products2!G13*Prices2!B$10 -> 0 | J13: =Products2!H13*Prices2!C$10 -> 147.6875 | K13: =Products2!I13*Prices2!D$10 -> 0 | L13: =Products2!J13*Prices2!E$10 -> 20.2 | M13: =Products2!K13*Prices2!F$10 -> 6.5 | N13: =Products2!L13*Prices2!G$10 -> 0 | O13: =Products2!M13*Prices2!H$10 -> 0 | P13: =Products2!N13*Prices2!I$10 -> 2.375 | ... AJ13: =Products2!AH13*Prices2!AC$10 -> 0 | AK13: =SUM(I13:AJ13) -> 181.21562 | AL13: =AK13-I13 -> 181.21562 | AN13: 12 | AO13: 1700 | AP13: 1689 | AQ13: 181.21562 | AS13: 1696 | AT13: 1030.89 | BM13: 1689 | BN13: 181.22
A14: INV2453 | B14: 1 | C14: 1690 | D14: 1700 | E14: 2 | F14: 1700 | H14: 1 | I14: =Products2!G14*Prices2!B$10 -> 225.5 | J14: =Products2!H14*Prices2!C$10 -> 0 | K14: =Products2!I14*Prices2!D$10 -> 0 | L14: =Products2!J14*Prices2!E$10 -> 244.42 | M14: =Products2!K14*Prices2!F$10 -> 0 | N14: =Products2!L14*Prices2!G$10 -> 0 | O14: =Products2!M14*Prices2!H$10 -> 0 | P14: =Products2!N14*Prices2!I$10 -> 1.5833333 | ... AJ14: =Products2!AH14*Prices2!AC$10 -> 0 | AK14: =SUM(I14:AJ14) -> 474.62833 | AL14: =AK14-I14 -> 249.12833 | AN14: 13 | AO14: 1700 | AP14: 1690 | AQ14: 474.62833 | AS14: 1697 | AT14: 456.451 | BM14: 1690 | BN14: 474.63
A15: INV0083 | B15: 1 | C15: 1691 | D15: 1700 | E15: 1 | F15: 1700 | H15: 0 | I15: =Products2!G15*Prices2!B$10 -> 0 | J15: =Products2!H15*Prices2!C$10 -> 0 | K15: =Products2!I15*Prices2!D$10 -> 0 | L15: =Products2!J15*Prices2!E$10 -> 0 | M15: =Products2!K15*Prices2!F$10 -> 0 | N15: =Products2!L15*Prices2!G$10 -> 0 | O15: =Products2!M15*Prices2!H$10 -> 0 | P15: =Products2!N15*Prices2!I$10 -> 0 | ... AJ15: =Products2!AH15*Prices2!AC$10 -> 0 | AK15: =SUM(I15:AJ15) -> 0 | AL15: =AK15-I15 -> 0 | AN15: 14 | AO15: 1700 | AP15: 1691 | AQ15: 0 | AS15: 1698 | AT15: 1215.98 | BM15: 1692 | BN15: 151.5
A16: INV0023 | B16: 1 | C16: 1692 | D16: 1700 | E16: 1 | F16: 1700 | H16: 0 | I16: =Products2!G16*Prices2!B$10 -> 0 | J16: =Products2!H16*Prices2!C$10 -> 0 | K16: =Products2!I16*Prices2!D$10 -> 0 | L16: =Products2!J16*Prices2!E$10 -> 151.5 | M16: =Products2!K16*Prices2!F$10 -> 0 | N16: =Products2!L16*Prices2!G$10 -> 0 | O16: =Products2!M16*Prices2!H$10 -> 0 | P16: =Products2!N16*Prices2!I$10 -> 0 | ... AJ16: =Products2!AH16*Prices2!AC$10 -> 0 | AK16: =SUM(I16:AJ16) -> 151.5 | AL16: =AK16-I16 -> 151.5 | AN16: 15 | AO16: 1700 | AP16: 1692 | AQ16: 151.5 | AS16: 1699 | AT16: 990.618 | BM16: 1692 | BN16: 332.59
A17: INV0034 | B17: 1 | C17: 1692 | D17: 1700 | E17: 2 | F17: 1700 | H17: 1 | I17: =Products2!G17*Prices2!B$10 -> 225.5 | J17: =Products2!H17*Prices2!C$10 -> 34.75 | K17: =Products2!I17*Prices2!D$10 -> 15.8125 | L17: =Products2!J17*Prices2!E$10 -> 0 | M17: =Products2!K17*Prices2!F$10 -> 0 | N17: =Products2!L17*Prices2!G$10 -> 0 | O17: =Products2!M17*Prices2!H$10 -> 0 | P17: =Products2!N17*Prices2!I$10 -> 2.375 | ... AJ17: =Products2!AH17*Prices2!AC$10 -> 0 | AK17: =SUM(I17:AJ17) -> 332.59375 | AL17: =AK17-I17 -> 107.09375 | AN17: 16 | AO17: 1700 | AP17: 1692 | AQ17: 332.59375 | AS17: 1700 | AT17: 552.331 | BM17: 1693 | BN17: 435.18
A18: INV0082 | B18: 1 | C18: 1692 | D18: 1700 | E18: 1 | F18: 1700 | H18: 0 | I18: =Products2!G18*Prices2!B$10 -> 0 | J18: =Products2!H18*Prices2!C$10 -> 0 | K18: =Products2!I18*Prices2!D$10 -> 0 | L18: =Products2!J18*Prices2!E$10 -> 0 | M18: =Products2!K18*Prices2!F$10 -> 0 | N18: =Products2!L18*Prices2!G$10 -> 0 | O18: =Products2!M18*Prices2!H$10 -> 0 | P18: =Products2!N18*Prices2!I$10 -> 0 | ... AJ18: =Products2!AH18*Prices2!AC$10 -> 0 | AK18: =SUM(I18:AJ18) -> 0 | AL18: =AK18-I18 -> 0 | AN18: 17 | AO18: 1700 | AP18: 1692 | AQ18: 0 | AS18: 1701 | AT18: 2313.67 | BM18: 1693 | BN18: 4252.06
A19: INV0054 | B19: 1 | C19: 1693 | D19: 1700 | E19: 1 | F19: 1700 | G19: 1697 | H19: 0 | I19: =Products2!G19*Prices2!B$10 -> 0 | J19: =Products2!H19*Prices2!C$10 -> 34.75 | K19: =Products2!I19*Prices2!D$10 -> 47.4375 | L19: =Products2!J19*Prices2!E$10 -> 303 | M19: =Products2!K19*Prices2!F$10 -> 0 | N19: =Products2!L19*Prices2!G$10 -> 0 | O19: =Products2!M19*Prices2!H$10 -> 0 | P19: =Products2!N19*Prices2!I$10 -> 1.5833333 | ... AJ19: =Products2!AH19*Prices2!AC$10 -> 0 | AK19: =SUM(I19:AJ19) -> 435.17708 | AL19: =AK19-I19 -> 435.17708 | AN19: 18 | AO19: 1700 | AP19: 1693 | AQ19: 435.17708 | AS19: 1702 | AT19: 823.953 | AU19: =AVERAGE(AT17:AT21) -> 1364.4622 | BM19: 1693 | BN19: 599.5
A20: INV0064 | B20: 1 | C20: 1693 | D20: 1700 | E20: 3 | F20: 1700 | G20: 1697 | H20: 0 | I20: =Products2!G20*Prices2!B$10 -> 1014.75 | J20: =Products2!H20*Prices2!C$10 -> 1520.3125 | K20: =Products2!I20*Prices2!D$10 -> 0 | L20: =Products2!J20*Prices2!E$10 -> 1717 | M20: =Products2!K20*Prices2!F$10 -> 0 | N20: =Products2!L20*Prices2!G$10 -> 0 | O20: =Products2!M20*Prices2!H$10 -> 0 | P20: =Products2!N20*Prices2!I$10 -> 0 | ... AJ20: =Products2!AH20*Prices2!AC$10 -> 0 | AK20: =SUM(I20:AJ20) -> 4252.0625 | AL20: =AK20-I20 -> 3237.3125 | AN20: 19 | AO20: 1700 | AP20: 1693 | AQ20: 4252.0625 | AS20: 1703 | AT20: 2376.21 | AU20: =AVERAGE(AT18:AT22) -> 1521.868 | BM20: 1694 | BN20: 1194.48
A21: INV0075 | B21: 1 | C21: 1693 | D21: 1700 | E21: 3 | F21: 1700 | G21: 1697 | H21: 0 | I21: =Products2!G21*Prices2!B$10 -> 563.75 | J21: =Products2!H21*Prices2!C$10 -> 0 | K21: =Products2!I21*Prices2!D$10 -> 0 | L21: =Products2!J21*Prices2!E$10 -> 0 | M21: =Products2!K21*Prices2!F$10 -> 0 | N21: =Products2!L21*Prices2!G$10 -> 0 | O21: =Products2!M21*Prices2!H$10 -> 0 | P21: =Products2!N21*Prices2!I$10 -> 0 | ... AJ21: =Products2!AH21*Prices2!AC$10 -> 12.25 | AK21: =SUM(I21:AJ21) -> 599.5 | AL21: =AK21-I21 -> 35.75 | AN21: 20 | AO21: 1700 | AP21: 1693 | AQ21: 599.5 | AS21: 1704 | AT21: 756.147 | AU21: =AVERAGE(AT19:AT23) -> 1185.9146 | BM21: 1694 | BN21: 1022.94
A22: INV0002 | B22: 1 | C22: 1694 | D22: 1700 | E22: 3 | F22: 1700 | G22: 1697 | H22: 0 | I22: =Products2!G22*Prices2!B$10 -> 563.75 | J22: =Products2!H22*Prices2!C$10 -> 86.875 | K22: =Products2!I22*Prices2!D$10 -> 126.5 | L22: =Products2!J22*Prices2!E$10 -> 303 | M22: =Products2!K22*Prices2!F$10 -> 6.5 | N22: =Products2!L22*Prices2!G$10 -> 0 | O22: =Products2!M22*Prices2!H$10 -> 0 | P22: =Products2!N22*Prices2!I$10 -> 3.1666667 | ... AJ22: =Products2!AH22*Prices2!AC$10 -> 0 | AK22: =SUM(I22:AJ22) -> 1194.4792 | AL22: =AK22-I22 -> 630.72917 | AN22: 21 | AO22: 1700 | AP22: 1694 | AQ22: 1194.4792 | AS22: 1705 | AT22: 1339.36 | AU22: =AVERAGE(AT20:AT24) -> 1306.336 | BM22: 1695 | BN22: 947.04
A23: INV0003 | B23: 1 | C23: 1694 | D23: 1700 | E23: 2 | F23: 1700 | G23: 1697 | H23: 0 | I23: =Products2!G23*Prices2!B$10 -> 225.5 | J23: =Products2!H23*Prices2!C$10 -> 364.875 | K23: =Products2!I23*Prices2!D$10 -> 79.0625 | L23: =Products2!J23*Prices2!E$10 -> 353.5 | M23: =Products2!K23*Prices2!F$10 -> 0 | N23: =Products2!L23*Prices2!G$10 -> 0 | O23: =Products2!M23*Prices2!H$10 -> 0 | P23: =Products2!N23*Prices2!I$10 -> 0 | ... AJ23: =Products2!AH23*Prices2!AC$10 -> 0 | AK23: =SUM(I23:AJ23) -> 1022.9375 | AL23: =AK23-I23 -> 797.4375 | AN23: 22 | AO23: 1700 | AP23: 1694 | AQ23: 1022.9375 | AS23: 1706 | AT23: 633.903 | AU23: =AVERAGE(AT21:AT25) -> 1099.354 | BM23: 1695 | BN23: 196.75
A24: INV0004 | B24: 1 | C24: 1695 | D24: 1700 | E24: 2 | F24: 1700 | G24: 1697 | H24: 1 | I24: =Products2!G24*Prices2!B$10 -> 451 | J24: =Products2!H24*Prices2!C$10 -> 347.5 | K24: =Products2!I24*Prices2!D$10 -> 47.4375 | L24: =Products2!J24*Prices2!E$10 -> 60.6 | M24: =Products2!K24*Prices2!F$10 -> 6.5 | N24: =Products2!L24*Prices2!G$10 -> 0 | O24: =Products2!M24*Prices2!H$10 -> 0 | P24: =Products2!N24*Prices2!I$10 -> 0 | ... AJ24: =Products2!AH24*Prices2!AC$10 -> 0 | AK24: =SUM(I24:AJ24) -> 947.0375 | AL24: =AK24-I24 -> 496.0375 | AN24: 23 | AO24: 1700 | AP24: 1695 | AQ24: 947.0375 | AS24: 1707 | AT24: 1426.06 | AU24: =AVERAGE(AT22:AT26) -> 1102.1206 | BM24: 1695 | BN24: 131.69
A25: INV0005 | B25: 1 | C25: 1695 | D25: 1700 | E25: 2 | F25: 1700 | G25: 1697 | H25: 0 | I25: =Products2!G25*Prices2!B$10 -> 112.75 | J25: =Products2!H25*Prices2!C$10 -> 0 | K25: =Products2!I25*Prices2!D$10 -> 0 | L25: =Products2!J25*Prices2!E$10 -> 0 | M25: =Products2!K25*Prices2!F$10 -> 0 | N25: =Products2!L25*Prices2!G$10 -> 0 | O25: =Products2!M25*Prices2!H$10 -> 0 | P25: =Products2!N25*Prices2!I$10 -> 0 | ... AJ25: =Products2!AH25*Prices2!AC$10 -> 0 | AK25: =SUM(I25:AJ25) -> 196.75 | AL25: =AK25-I25 -> 84 | AN25: 24 | AO25: 1700 | AP25: 1695 | AQ25: 196.75 | AS25: 1708 | AT25: 1341.3 | AU25: =AVERAGE(AT23:AT27) -> 1358.7206 | BM25: 1695 | BN25: 2102.56
A26: INV0006 | B26: 1 | C26: 1695 | D26: 1700 | E26: 2 | F26: 1700 | G26: 1697 | H26: 0 | I26: =Products2!G26*Prices2!B$10 -> 112.75 | J26: =Products2!H26*Prices2!C$10 -> 0 | K26: =Products2!I26*Prices2!D$10 -> 15.8125 | L26: =Products2!J26*Prices2!E$10 -> 0 | M26: =Products2!K26*Prices2!F$10 -> 0 | N26: =Products2!L26*Prices2!G$10 -> 0 | O26: =Products2!M26*Prices2!H$10 -> 0 | P26: =Products2!N26*Prices2!I$10 -> 0 | ... AJ26: =Products2!AH26*Prices2!AC$10 -> 0 | AK26: =SUM(I26:AJ26) -> 131.6875 | AL26: =AK26-I26 -> 18.9375 | AN26: 25 | AO26: 1700 | AP26: 1695 | AQ26: 131.6875 | AS26: 1709 | AT26: 769.98 | AU26: =AVERAGE(AT24:AT28) -> 1395.37 | BM26: 1696 | BN26: 302.58
A27: INV0007 | B27: 1 | C27: 1695 | D27: 1700 | E27: 3 | F27: 1700 | G27: 1697 | H27: 1 | I27: =Products2!G27*Prices2!B$10 -> 1014.75 | J27: =Products2!H27*Prices2!C$10 -> 434.375 | K27: =Products2!I27*Prices2!D$10 -> 47.4375 | L27: =Products2!J27*Prices2!E$10 -> 606 | M27: =Products2!K27*Prices2!F$10 -> 0 | N27: =Products2!L27*Prices2!G$10 -> 0 | O27: =Products2!M27*Prices2!H$10 -> 0 | P27: =Products2!N27*Prices2!I$10 -> 0 | ... AJ27: =Products2!AH27*Prices2!AC$10 -> 0 | AK27: =SUM(I27:AJ27) -> 2102.5625 | AL27: =AK27-I27 -> 1087.8125 | AN27: 26 | AO27: 1700 | AP27: 1695 | AQ27: 2102.5625 | AS27: 1710 | AT27: 2622.36 | AU27: =AVERAGE(AT25:AT29) -> 1345.6 | BM27: 1696 | BN27: 344.38
A28: INV0008 | B28: 1 | C28: 1696 | D28: 1700 | E28: 2 | F28: 1700 | G28: 1697 | H28: 1 | I28: =Products2!G28*Prices2!B$10 -> 225.5 | J28: =Products2!H28*Prices2!C$10 -> 69.5 | K28: =Products2!I28*Prices2!D$10 -> 0 | L28: =Products2!J28*Prices2!E$10 -> 0 | M28: =Products2!K28*Prices2!F$10 -> 0 | N28: =Products2!L28*Prices2!G$10 -> 0 | O28: =Products2!M28*Prices2!H$10 -> 0 | P28: =Products2!N28*Prices2!I$10 -> 0 | ... AJ28: =Products2!AH28*Prices2!AC$10 -> 0 | AK28: =SUM(I28:AJ28) -> 302.57812 | AL28: =AK28-I28 -> 77.078125 | AN28: 27 | AO28: 1700 | AP28: 1696 | AQ28: 302.57812 | AS28: 1711 | AT28: 817.15 | AU28: =AVERAGE(AT26:AT30) -> 1384.166 | BM28: 1696 | BN28: 1825.06
A29: INV0009 | B29: 1 | C29: 1696 | D29: 1700 | E29: 1 | F29: 1700 | G29: 1697 | H29: 1 | I29: =Products2!G29*Prices2!B$10 -> 0 | J29: =Products2!H29*Prices2!C$10 -> 312.75 | K29: =Products2!I29*Prices2!D$10 -> 31.625 | L29: =Products2!J29*Prices2!E$10 -> 0 | M29: =Products2!K29*Prices2!F$10 -> 0 | N29: =Products2!L29*Prices2!G$10 -> 0 | O29: =Products2!M29*Prices2!H$10 -> 0 | P29: =Products2!N29*Prices2!I$10 -> 0 | ... AJ29: =Products2!AH29*Prices2!AC$10 -> 0 | AK29: =SUM(I29:AJ29) -> 344.375 | AL29: =AK29-I29 -> 344.375 | AN29: 28 | AO29: 1700 | AP29: 1696 | AQ29: 344.375 | AS29: 1712 | AT29: 1177.21 | AU29: =AVERAGE(AT27:AT31) -> 1419.0046 | BM29: 1696 | BN29: 738.02
A30: INV0010 | B30: 1 | C30: 1696 | D30: 1700 | E30: 2 | F30: 1700 | G30: 1697 | H30: 1 | I30: =Products2!G30*Prices2!B$10 -> 451 | J30: =Products2!H30*Prices2!C$10 -> 1042.5 | K30: =Products2!I30*Prices2!D$10 -> 79.0625 | L30: =Products2!J30*Prices2!E$10 -> 252.5 | M30: =Products2!K30*Prices2!F$10 -> 0 | N30: =Products2!L30*Prices2!G$10 -> 0 | O30: =Products2!M30*Prices2!H$10 -> 0 | P30: =Products2!N30*Prices2!I$10 -> 0 | ... AJ30: =Products2!AH30*Prices2!AC$10 -> 0 | AK30: =SUM(I30:AJ30) -> 1825.0625 | AL30: =AK30-I30 -> 1374.0625 | AN30: 29 | AO30: 1700 | AP30: 1696 | AQ30: 1825.0625 | AS30: 1713 | AT30: 1534.13 | AU30: =AVERAGE(AT28:AT32) -> 1017.3814 | BM30: 1696 | BN30: 3243.13
... A115: INV0799 | B115: 1 | C115: 1708 | D115: 1710 | E115: 3 | F115: 1720 | G115: 1712 | H115: 1 | I115: =Products2!G115*Prices2!B$10 -> 789.25 | J115: =Products2!H115*Prices2!C$10 -> 356.1875 | K115: =Products2!I115*Prices2!D$10 -> 79.0625 | L115: =Products2!J115*Prices2!E$10 -> 303 | M115: =Products2!K115*Prices2!F$10 -> 6.5 | N115: =Products2!L115*Prices2!G$10 -> 0 | O115: =Products2!M115*Prices2!H$10 -> 0 | P115: =Products2!N115*Prices2!I$10 -> 1.5833333 | ... AJ115: =Products2!AH115*Prices2!AC$10 -> 0 | AK115: =SUM(I115:AJ115) -> 1576.9896 | AL115: =AK115-I115 -> 787.73958 | AN115: 114 | AO115: 1710 | AP115: 1708 | AQ115: 1576.9896 | AS115: 1798 | AT115: 1913.22 | AU115: =AVERAGE(AT113:AT117) -> 1470.804 | BM115: 1708 | BN115: 1042.97
A116: INV0800 | B116: 1 | C116: 1708 | D116: 1710 | E116: 4 | F116: 1720 | G116: 1712 | H116: 1 | I116: =Products2!G116*Prices2!B$10 -> 3382.5 | J116: =Products2!H116*Prices2!C$10 -> 860.0625 | K116: =Products2!I116*Prices2!D$10 -> 158.125 | L116: =Products2!J116*Prices2!E$10 -> 623.17 | M116: =Products2!K116*Prices2!F$10 -> 6.5 | N116: =Products2!L116*Prices2!G$10 -> 0 | O116: =Products2!M116*Prices2!H$10 -> 0 | P116: =Products2!N116*Prices2!I$10 -> 3.1666667 | ... AJ116: =Products2!AH116*Prices2!AC$10 -> 0 | AK116: =SUM(I116:AJ116) -> 5121.9929 | AL116: =AK116-I116 -> 1739.4929 | AN116: 115 | AO116: 1710 | AP116: 1708 | AQ116: 5121.9929 | AS116: 1799 | AT116: 1013.54 | BM116: 1708 | BN116: 3883.25
A117: INV0801 | B117: 1 | C117: 1708 | D117: 1710 | E117: 2 | F117: 1720 | G117: 1712 | H117: 0 | I117: =Products2!G117*Prices2!B$10 -> 225.5 | J117: =Products2!H117*Prices2!C$10 -> 0 | K117: =Products2!I117*Prices2!D$10 -> 15.8125 | L117: =Products2!J117*Prices2!E$10 -> 0 | M117: =Products2!K117*Prices2!F$10 -> 0 | N117: =Products2!L117*Prices2!G$10 -> 0 | O117: =Products2!M117*Prices2!H$10 -> 0 | P117: =Products2!N117*Prices2!I$10 -> 2.375 | ... AJ117: =Products2!AH117*Prices2!AC$10 -> 0 | AK117: =SUM(I117:AJ117) -> 280.5625 | AL117: =AK117-I117 -> 55.0625 | AN117: 116 | AO117: 1710 | AP117: 1708 | AQ117: 280.5625 | AS117: 1800 | AT117: 1102.49 | BM117: 1708 | BN117: 358.9
A118: INV0802 | B118: 1 | C118: 1708 | D118: 1710 | E118: 1 | F118: 1720 | G118: 1712 | H118: 1 | I118: =Products2!G118*Prices2!B$10 -> 0 | J118: =Products2!H118*Prices2!C$10 -> 538.625 | K118: =Products2!I118*Prices2!D$10 -> 15.8125 | L118: =Products2!J118*Prices2!E$10 -> 474.7 | M118: =Products2!K118*Prices2!F$10 -> 6.5 | N118: =Products2!L118*Prices2!G$10 -> 0 | O118: =Products2!M118*Prices2!H$10 -> 0 | P118: =Products2!N118*Prices2!I$10 -> 1.5833333 | ... AJ118: =Products2!AH118*Prices2!AC$10 -> 0 | AK118: =SUM(I118:AJ118) -> 1111.8146 | AL118: =AK118-I118 -> 1111.8146 | AN118: 117 | AO118: 1710 | AP118: 1708 | AQ118: 1111.8146 | AS118: 1801 | AT118: 1838.87 | BM118: 1708 | BN118: 1918.78
A119: INV0807 | B119: 1 | C119: 1708 | D119: 1710 | E119: 2 | F119: 1720 | G119: 1712 | H119: 1 | I119: =Products2!G119*Prices2!B$10 -> 112.75 | J119: =Products2!H119*Prices2!C$10 -> 338.8125 | K119: =Products2!I119*Prices2!D$10 -> 63.25 | L119: =Products2!J119*Prices2!E$10 -> 298.96 | M119: =Products2!K119*Prices2!F$10 -> 6.5 | N119: =Products2!L119*Prices2!G$10 -> 0 | O119: =Products2!M119*Prices2!H$10 -> 0 | P119: =Products2!N119*Prices2!I$10 -> 1.5833333 | ... AJ119: =Products2!AH119*Prices2!AC$10 -> 0 | AK119: =SUM(I119:AJ119) -> 865.98083 | AL119: =AK119-I119 -> 753.23083 | AN119: 118 | AO119: 1710 | AP119: 1708 | AQ119: 865.98083 | AS119: 1802 | AT119: 1483.78 | BM119: 1708 | BN119: 577.45
A120: INV0808 | B120: 1 | C120: 1708 | D120: 1710 | E120: 1 | F120: 1720 | G120: 1712 | H120: 1 | I120: =Products2!G120*Prices2!B$10 -> 0 | J120: =Products2!H120*Prices2!C$10 -> 112.9375 | K120: =Products2!I120*Prices2!D$10 -> 0 | L120: =Products2!J120*Prices2!E$10 -> 20.2 | M120: =Products2!K120*Prices2!F$10 -> 6.5 | N120: =Products2!L120*Prices2!G$10 -> 0 | O120: =Products2!M120*Prices2!H$10 -> 0 | P120: =Products2!N120*Prices2!I$10 -> 0.79166667 | ... AJ120: =Products2!AH120*Prices2!AC$10 -> 0 | AK120: =SUM(I120:AJ120) -> 178.96042 | AL120: =AK120-I120 -> 178.96042 | AN120: 119 | AO120: 1710 | AP120: 1708 | AQ120: 178.96042 | AS120: 1803 | AT120: 1053.4 | BM120: 1708 | BN120: 1477.37
A121: INV0809 | B121: 1 | C121: 1708 | D121: 1710 | E121: 1 | F121: 1720 | G121: 1712 | H121: 1 | I121: =Products2!G121*Prices2!B$10 -> 0 | J121: =Products2!H121*Prices2!C$10 -> 312.75 | K121: =Products2!I121*Prices2!D$10 -> 79.0625 | L121: =Products2!J121*Prices2!E$10 -> 606 | M121: =Products2!K121*Prices2!F$10 -> 3.25 | N121: =Products2!L121*Prices2!G$10 -> 0 | O121: =Products2!M121*Prices2!H$10 -> 0 | P121: =Products2!N121*Prices2!I$10 -> 1.5833333 | ... AJ121: =Products2!AH121*Prices2!AC$10 -> 0 | AK121: =SUM(I121:AJ121) -> 1042.974 | AL121: =AK121-I121 -> 1042.974 | AN121: 120 | AO121: 1710 | AP121: 1708 | AQ121: 1042.974 | AS121: 1804 | AT121: 1022.66 | BM121: 1708 | BN121: 6.39
A122: INV0810 | B122: 1 | C122: 1708 | D122: 1710 | E122: 3 | F122: 1720 | G122: 1712 | H122: 1 | I122: =Products2!G122*Prices2!B$10 -> 1353 | J122: =Products2!H122*Prices2!C$10 -> 1980.75 | K122: =Products2!I122*Prices2!D$10 -> 284.625 | L122: =Products2!J122*Prices2!E$10 -> 134.33 | M122: =Products2!K122*Prices2!F$10 -> 13 | N122: =Products2!L122*Prices2!G$10 -> 0 | O122: =Products2!M122*Prices2!H$10 -> 0 | P122: =Products2!N122*Prices2!I$10 -> 3.1666667 | ... AJ122: =Products2!AH122*Prices2!AC$10 -> 0 | AK122: =SUM(I122:AJ122) -> 3883.2467 | AL122: =AK122-I122 -> 2530.2467 | AN122: 121 | AO122: 1710 | AP122: 1708 | AQ122: 3883.2467 | AS122: 1805 | AT122: 863.516 | BM122: 1709 | BN122: 244.09
A123: INV0811 | B123: 1 | C123: 1708 | D123: 1710 | E123: 2 | F123: 1720 | G123: 1712 | H123: 0 | I123: =Products2!G123*Prices2!B$10 -> 338.25 | J123: =Products2!H123*Prices2!C$10 -> 0 | K123: =Products2!I123*Prices2!D$10 -> 0 | L123: =Products2!J123*Prices2!E$10 -> 0 | M123: =Products2!K123*Prices2!F$10 -> 0 | N123: =Products2!L123*Prices2!G$10 -> 0 | O123: =Products2!M123*Prices2!H$10 -> 0 | P123: =Products2!N123*Prices2!I$10 -> 1.5833333 | ... AJ123: =Products2!AH123*Prices2!AC$10 -> 0 | AK123: =SUM(I123:AJ123) -> 358.89583 | AL123: =AK123-I123 -> 20.645833 | AN123: 122 | AO123: 1710 | AP123: 1708 | AQ123: 358.89583 | AS123: 1806 | AT123: 802.285 | BM123: 1709 | BN123: 36.22
A124: INV2347 | B124: 1 | C124: 1708 | D124: 1710 | E124: 2 | F124: 1720 | G124: 1712 | H124: 0 | I124: =Products2!G124*Prices2!B$10 -> 451 | J124: =Products2!H124*Prices2!C$10 -> 712.375 | K124: =Products2!I124*Prices2!D$10 -> 0 | L124: =Products2!J124*Prices2!E$10 -> 696.9 | M124: =Products2!K124*Prices2!F$10 -> 13 | N124: =Products2!L124*Prices2!G$10 -> 0 | O124: =Products2!M124*Prices2!H$10 -> 0 | P124: =Products2!N124*Prices2!I$10 -> 4.75 | ... AJ124: =Products2!AH124*Prices2!AC$10 -> 0 | AK124: =SUM(I124:AJ124) -> 1918.775 | AL124: =AK124-I124 -> 1467.775 | AN124: 123 | AO124: 1710 | AP124: 1708 | AQ124: 1918.775 | BM124: 1709 | BN124: 8.31
A125: INV2461 | B125: 1 | C125: 1708 | D125: 1710 | E125: 2 | F125: 1720 | G125: 1712 | H125: 1 | I125: =Products2!G125*Prices2!B$10 -> 225.5 | J125: =Products2!H125*Prices2!C$10 -> 173.75 | K125: =Products2!I125*Prices2!D$10 -> 15.8125 | L125: =Products2!J125*Prices2!E$10 -> 161.6 | M125: =Products2!K125*Prices2!F$10 -> 0 | N125: =Products2!L125*Prices2!G$10 -> 0 | O125: =Products2!M125*Prices2!H$10 -> 0 | P125: =Products2!N125*Prices2!I$10 -> 0.79166667 | ... AJ125: =Products2!AH125*Prices2!AC$10 -> 0 | AK125: =SUM(I125:AJ125) -> 577.45417 | AL125: =AK125-I125 -> 351.95417 | AN125: 124 | AO125: 1710 | AP125: 1708 | AQ125: 577.45417 | BM125: 1709 | BN125: 3441.72
A126: INV2462 | B126: 1 | C126: 1708 | D126: 1710 | E126: 2 | F126: 1720 | G126: 1712 | H126: 1 | I126: =Products2!G126*Prices2!B$10 -> 225.5 | J126: =Products2!H126*Prices2!C$10 -> 816.625 | K126: =Products2!I126*Prices2!D$10 -> 94.875 | L126: =Products2!J126*Prices2!E$10 -> 340.37 | M126: =Products2!K126*Prices2!F$10 -> 0 | N126: =Products2!L126*Prices2!G$10 -> 0 | O126: =Products2!M126*Prices2!H$10 -> 0 | P126: =Products2!N126*Prices2!I$10 -> 0 | ... AJ126: =Products2!AH126*Prices2!AC$10 -> 0 | AK126: =SUM(I126:AJ126) -> 1477.37 | AL126: =AK126-I126 -> 1251.87 | AN126: 125 | AO126: 1710 | AP126: 1708 | AQ126: 1477.37 | BM126: 1709 | BN126: 22.13
A127: INV2463 | B127: 1 | C127: 1708 | D127: 1710 | E127: 1 | F127: 1720 | G127: 1712 | H127: 1 | I127: =Products2!G127*Prices2!B$10 -> 0 | J127: =Products2!H127*Prices2!C$10 -> 0 | K127: =Products2!I127*Prices2!D$10 -> 0 | L127: =Products2!J127*Prices2!E$10 -> 0 | M127: =Products2!K127*Prices2!F$10 -> 0 | N127: =Products2!L127*Prices2!G$10 -> 0 | O127: =Products2!M127*Prices2!H$10 -> 0 | P127: =Products2!N127*Prices2!I$10 -> 0.79166667 | ... AJ127: =Products2!AH127*Prices2!AC$10 -> 0 | AK127: =SUM(I127:AJ127) -> 6.3854167 | AL127: =AK127-I127 -> 6.3854167 | AN127: 126 | AO127: 1710 | AP127: 1708 | AQ127: 6.3854167 | BM127: 1709 | BN127: 0.67
A128: INV0803 | B128: 1 | C128: 1709 | D128: 1710 | E128: 2 | F128: 1720 | G128: 1712 | H128: 1 | I128: =Products2!G128*Prices2!B$10 -> 112.75 | J128: =Products2!H128*Prices2!C$10 -> 69.5 | K128: =Products2!I128*Prices2!D$10 -> 15.8125 | L128: =Products2!J128*Prices2!E$10 -> 0 | M128: =Products2!K128*Prices2!F$10 -> 6.5 | N128: =Products2!L128*Prices2!G$10 -> 0 | O128: =Products2!M128*Prices2!H$10 -> 0 | P128: =Products2!N128*Prices2!I$10 -> 0.79166667 | ... AJ128: =Products2!AH128*Prices2!AC$10 -> 0 | AK128: =SUM(I128:AJ128) -> 244.08854 | AL128: =AK128-I128 -> 131.33854 | AN128: 127 | AO128: 1710 | AP128: 1709 | AQ128: 244.08854 | BM128: 1709 | BN128: 209.39
A129: INV0805 | B129: 1 | C129: 1709 | D129: 1710 | E129: 1 | F129: 1720 | G129: 1712 | H129: 1 | I129: =Products2!G129*Prices2!B$10 -> 0 | J129: =Products2!H129*Prices2!C$10 -> 0 | K129: =Products2!I129*Prices2!D$10 -> 15.8125 | L129: =Products2!J129*Prices2!E$10 -> 0 | M129: =Products2!K129*Prices2!F$10 -> 0 | N129: =Products2!L129*Prices2!G$10 -> 0 | O129: =Products2!M129*Prices2!H$10 -> 0 | P129: =Products2!N129*Prices2!I$10 -> 0 | ... AJ129: =Products2!AH129*Prices2!AC$10 -> 0 | AK129: =SUM(I129:AJ129) -> 36.21875 | AL129: =AK129-I129 -> 36.21875 | AN129: 128 | AO129: 1710 | AP129: 1709 | AQ129: 36.21875 | BM129: 1709 | BN129: 2046.28
A130: INV0806 | B130: 1 | C130: 1709 | D130: 1710 | E130: 1 | F130: 1720 | G130: 1712 | H130: 0 | I130: =Products2!G130*Prices2!B$10 -> 0 | J130: =Products2!H130*Prices2!C$10 -> 0 | K130: =Products2!I130*Prices2!D$10 -> 0 | L130: =Products2!J130*Prices2!E$10 -> 0 | M130: =Products2!K130*Prices2!F$10 -> 0 | N130: =Products2!L130*Prices2!G$10 -> 0 | O130: =Products2!M130*Prices2!H$10 -> 0 | P130: =Products2!N130*Prices2!I$10 -> 0 | ... AJ130: =Products2!AH130*Prices2!AC$10 -> 3.0625 | AK130: =SUM(I130:AJ130) -> 8.3125 | AL130: =AK130-I130 -> 8.3125 | AN130: 129 | AO130: 1710 | AP130: 1709 | AQ130: 8.3125 | BM130: 1709 | BN130: 376.46
A131: INV0812 | B131: 1 | C131: 1709 | D131: 1710 | E131: 3 | F131: 1720 | G131: 1712 | H131: 0 | I131: =Products2!G131*Prices2!B$10 -> 676.5 | J131: =Products2!H131*Prices2!C$10 -> 1607.1875 | K131: =Products2!I131*Prices2!D$10 -> 316.25 | L131: =Products2!J131*Prices2!E$10 -> 707 | M131: =Products2!K131*Prices2!F$10 -> 6.5 | N131: =Products2!L131*Prices2!G$10 -> 0 | O131: =Products2!M131*Prices2!H$10 -> 0 | P131: =Products2!N131*Prices2!I$10 -> 1.5833333 | ... AJ131: =Products2!AH131*Prices2!AC$10 -> 0 | AK131: =SUM(I131:AJ131) -> 3441.7188 | AL131: =AK131-I131 -> 2765.2188 | AN131: 130 | AO131: 1710 | AP131: 1709 | AQ131: 3441.7188 | BM131: 1709 | BN131: 411.29
A132: INV0813 | B132: 1 | C132: 1709 | D132: 1710 | E132: 1 | F132: 1720 | G132: 1712 | H132: 0 | I132: =Products2!G132*Prices2!B$10 -> 0 | J132: =Products2!H132*Prices2!C$10 -> 0 | K132: =Products2!I132*Prices2!D$10 -> 0 | L132: =Products2!J132*Prices2!E$10 -> 0 | M132: =Products2!K132*Prices2!F$10 -> 0 | N132: =Products2!L132*Prices2!G$10 -> 0 | O132: =Products2!M132*Prices2!H$10 -> 0 | P132: =Products2!N132*Prices2!I$10 -> 0 | ... AJ132: =Products2!AH132*Prices2!AC$10 -> 0 | AK132: =SUM(I132:AJ132) -> 22.125 | AL132: =AK132-I132 -> 22.125 | AN132: 131 | AO132: 1710 | AP132: 1709 | AQ132: 22.125 | BM132: 1709 | BN132: 112.75
A133: INV0815 | B133: 1 | C133: 1709 | D133: 1710 | E133: 1 | F133: 1720 | G133: 1712 | H133: 0 | I133: =Products2!G133*Prices2!B$10 -> 0 | J133: =Products2!H133*Prices2!C$10 -> 0 | K133: =Products2!I133*Prices2!D$10 -> 0 | L133: =Products2!J133*Prices2!E$10 -> 0 | M133: =Products2!K133*Prices2!F$10 -> 0 | N133: =Products2!L133*Prices2!G$10 -> 0 | O133: =Products2!M133*Prices2!H$10 -> 0 | P133: =Products2!N133*Prices2!I$10 -> 0 | ... AJ133: =Products2!AH133*Prices2!AC$10 -> 0 | AK133: =SUM(I133:AJ133) -> 0.66666667 | AL133: =AK133-I133 -> 0.66666667 | AN133: 132 | AO133: 1710 | AP133: 1709 | AQ133: 0.66666667 | BM133: 1709 | BN133: 3100.43
A134: INV0816 | B134: 1 | C134: 1709 | D134: 1710 | E134: 2 | F134: 1720 | G134: 1712 | H134: 1 | I134: =Products2!G134*Prices2!B$10 -> 112.75 | J134: =Products2!H134*Prices2!C$10 -> 0 | K134: =Products2!I134*Prices2!D$10 -> 47.4375 | L134: =Products2!J134*Prices2!E$10 -> 0 | M134: =Products2!K134*Prices2!F$10 -> 0 | N134: =Products2!L134*Prices2!G$10 -> 0 | O134: =Products2!M134*Prices2!H$10 -> 0 | P134: =Products2!N134*Prices2!I$10 -> 1.5833333 | ... AJ134: =Products2!AH134*Prices2!AC$10 -> 3.0625 | AK134: =SUM(I134:AJ134) -> 209.39062 | AL134: =AK134-I134 -> 96.640625 | AN134: 133 | AO134: 1710 | AP134: 1709 | AQ134: 209.39062 | BM134: 1710 | BN134: 4598.06
A135: INV0817 | B135: 1 | C135: 1709 | D135: 1710 | E135: 1 | F135: 1720 | G135: 1712 | H135: 0 | I135: =Products2!G135*Prices2!B$10 -> 0 | J135: =Products2!H135*Prices2!C$10 -> 0 | K135: =Products2!I135*Prices2!D$10 -> 0 | L135: =Products2!J135*Prices2!E$10 -> 0 | M135: =Products2!K135*Prices2!F$10 -> 0 | N135: =Products2!L135*Prices2!G$10 -> 0 | O135: =Products2!M135*Prices2!H$10 -> 0 | P135: =Products2!N135*Prices2!I$10 -> 0 | ... AJ135: =Products2!AH135*Prices2!AC$10 -> 0 | AK135: =SUM(I135:AJ135) -> 0 | AL135: =AK135-I135 -> 0 | AN135: 134 | AO135: 1710 | AP135: 1709 | AQ135: 0 | BM135: 1710 | BN135: 13793.9
... A2323: INV2571 | B2323: 1 | C2323: 1802 | D2323: 1806 | E2323: 1 | F2323: 1806 | G2323: 1802 | H2323: 1 | I2323: =Products2!G2323*Prices2!B$10 -> 0 | J2323: =Products2!H2323*Prices2!C$10 -> 0 | K2323: =Products2!I2323*Prices2!D$10 -> 0 | L2323: =Products2!J2323*Prices2!E$10 -> 0 | M2323: =Products2!K2323*Prices2!F$10 -> 0 | N2323: =Products2!L2323*Prices2!G$10 -> 0 | O2323: =Products2!M2323*Prices2!H$10 -> 0 | P2323: =Products2!N2323*Prices2!I$10 -> 0 | ... AJ2323: =Products2!AH2323*Prices2!AC$10 -> 0 | AK2323: =SUM(I2323:AJ2323) -> 0 | AL2323: =AK2323-I2323 -> 0 | AN2323: 2322 | AO2323: 1806 | AP2323: 1802 | AQ2323: 0 | BM2323: 1803 | BN2323: 4834.94
A2324: INV1087 | B2324: 1 | C2324: 1803 | D2324: 1806 | E2324: 1 | F2324: 1806 | H2324: 0 | I2324: =Products2!G2324*Prices2!B$10 -> 0 | J2324: =Products2!H2324*Prices2!C$10 -> 0 | K2324: =Products2!I2324*Prices2!D$10 -> 0 | L2324: =Products2!J2324*Prices2!E$10 -> 0 | M2324: =Products2!K2324*Prices2!F$10 -> 0 | N2324: =Products2!L2324*Prices2!G$10 -> 0 | O2324: =Products2!M2324*Prices2!H$10 -> 0 | P2324: =Products2!N2324*Prices2!I$10 -> 0 | ... AJ2324: =Products2!AH2324*Prices2!AC$10 -> 6.125 | AK2324: =SUM(I2324:AJ2324) -> 70.604167 | AL2324: =AK2324-I2324 -> 70.604167 | AN2324: 2323 | AO2324: 1806 | AP2324: 1803 | AQ2324: 70.604167 | BM2324: 1803 | BN2324: 425.6
A2325: INV1091 | B2325: 1 | C2325: 1803 | D2325: 1806 | E2325: 2 | F2325: 1806 | H2325: 0 | I2325: =Products2!G2325*Prices2!B$10 -> 225.5 | J2325: =Products2!H2325*Prices2!C$10 -> 0 | K2325: =Products2!I2325*Prices2!D$10 -> 15.8125 | L2325: =Products2!J2325*Prices2!E$10 -> 0 | M2325: =Products2!K2325*Prices2!F$10 -> 0 | N2325: =Products2!L2325*Prices2!G$10 -> 0 | O2325: =Products2!M2325*Prices2!H$10 -> 0 | P2325: =Products2!N2325*Prices2!I$10 -> 0 | ... AJ2325: =Products2!AH2325*Prices2!AC$10 -> 0 | AK2325: =SUM(I2325:AJ2325) -> 248.89583 | AL2325: =AK2325-I2325 -> 23.395833 | AN2325: 2324 | AO2325: 1806 | AP2325: 1803 | AQ2325: 248.89583 | BM2325: 1803 | BN2325: 256.48
A2326: INV1096 | B2326: 1 | C2326: 1803 | D2326: 1806 | E2326: 2 | F2326: 1806 | H2326: 0 | I2326: =Products2!G2326*Prices2!B$10 -> 338.25 | J2326: =Products2!H2326*Prices2!C$10 -> 0 | K2326: =Products2!I2326*Prices2!D$10 -> 0 | L2326: =Products2!J2326*Prices2!E$10 -> 0 | M2326: =Products2!K2326*Prices2!F$10 -> 0 | N2326: =Products2!L2326*Prices2!G$10 -> 0 | O2326: =Products2!M2326*Prices2!H$10 -> 0 | P2326: =Products2!N2326*Prices2!I$10 -> 0 | ... AJ2326: =Products2!AH2326*Prices2!AC$10 -> 0 | AK2326: =SUM(I2326:AJ2326) -> 354 | AL2326: =AK2326-I2326 -> 15.75 | AN2326: 2325 | AO2326: 1806 | AP2326: 1803 | AQ2326: 354 | BM2326: 1803 | BN2326: 4115.72
A2327: INV1102 | B2327: 1 | C2327: 1803 | D2327: 1806 | E2327: 3 | F2327: 1806 | H2327: 0 | I2327: =Products2!G2327*Prices2!B$10 -> 789.25 | J2327: =Products2!H2327*Prices2!C$10 -> 295.375 | K2327: =Products2!I2327*Prices2!D$10 -> 237.1875 | L2327: =Products2!J2327*Prices2!E$10 -> 2.02 | M2327: =Products2!K2327*Prices2!F$10 -> 19.5 | N2327: =Products2!L2327*Prices2!G$10 -> 22.5625 | O2327: =Products2!M2327*Prices2!H$10 -> 0 | P2327: =Products2!N2327*Prices2!I$10 -> 1.5833333 | ... AJ2327: =Products2!AH2327*Prices2!AC$10 -> 0 | AK2327: =SUM(I2327:AJ2327) -> 1418.5877 | AL2327: =AK2327-I2327 -> 629.33771 | AN2327: 2326 | AO2327: 1806 | AP2327: 1803 | AQ2327: 1418.5877 | BM2327: 1803 | BN2327: 715.96
A2328: INV1103 | B2328: 1 | C2328: 1803 | D2328: 1806 | E2328: 2 | F2328: 1806 | H2328: 0 | I2328: =Products2!G2328*Prices2!B$10 -> 338.25 | J2328: =Products2!H2328*Prices2!C$10 -> 278 | K2328: =Products2!I2328*Prices2!D$10 -> 94.875 | L2328: =Products2!J2328*Prices2!E$10 -> 242.4 | M2328: =Products2!K2328*Prices2!F$10 -> 6.5 | N2328: =Products2!L2328*Prices2!G$10 -> 0 | O2328: =Products2!M2328*Prices2!H$10 -> 0 | P2328: =Products2!N2328*Prices2!I$10 -> 1.5833333 | ... AJ2328: =Products2!AH2328*Prices2!AC$10 -> 0 | AK2328: =SUM(I2328:AJ2328) -> 971.38958 | AL2328: =AK2328-I2328 -> 633.13958 | AN2328: 2327 | AO2328: 1806 | AP2328: 1803 | AQ2328: 971.38958 | BM2328: 1803 | BN2328: 934.5
A2329: INV1113 | B2329: 1 | C2329: 1803 | D2329: 1806 | E2329: 2 | F2329: 1806 | H2329: 0 | I2329: =Products2!G2329*Prices2!B$10 -> 338.25 | J2329: =Products2!H2329*Prices2!C$10 -> 130.3125 | K2329: =Products2!I2329*Prices2!D$10 -> 15.8125 | L2329: =Products2!J2329*Prices2!E$10 -> 46.46 | M2329: =Products2!K2329*Prices2!F$10 -> 13 | N2329: =Products2!L2329*Prices2!G$10 -> 0 | O2329: =Products2!M2329*Prices2!H$10 -> 0 | P2329: =Products2!N2329*Prices2!I$10 -> 3.1666667 | ... AJ2329: =Products2!AH2329*Prices2!AC$10 -> 0 | AK2329: =SUM(I2329:AJ2329) -> 641.21 | AL2329: =AK2329-I2329 -> 302.96 | AN2329: 2328 | AO2329: 1806 | AP2329: 1803 | AQ2329: 641.21 | BM2329: 1803 | BN2329: 724.18
A2330: INV1117 | B2330: 1 | C2330: 1803 | D2330: 1806 | E2330: 3 | F2330: 1806 | H2330: 0 | I2330: =Products2!G2330*Prices2!B$10 -> 676.5 | J2330: =Products2!H2330*Prices2!C$10 -> 104.25 | K2330: =Products2!I2330*Prices2!D$10 -> 0 | L2330: =Products2!J2330*Prices2!E$10 -> 0 | M2330: =Products2!K2330*Prices2!F$10 -> 6.5 | N2330: =Products2!L2330*Prices2!G$10 -> 0 | O2330: =Products2!M2330*Prices2!H$10 -> 0 | P2330: =Products2!N2330*Prices2!I$10 -> 0.79166667 | ... AJ2330: =Products2!AH2330*Prices2!AC$10 -> 0 | AK2330: =SUM(I2330:AJ2330) -> 813.5 | AL2330: =AK2330-I2330 -> 137 | AN2330: 2329 | AO2330: 1806 | AP2330: 1803 | AQ2330: 813.5 | BM2330: 1803 | BN2330: 383.14
A2331: INV1120 | B2331: 1 | C2331: 1803 | D2331: 1806 | E2331: 2 | F2331: 1806 | H2331: 0 | I2331: =Products2!G2331*Prices2!B$10 -> 225.5 | J2331: =Products2!H2331*Prices2!C$10 -> 147.6875 | K2331: =Products2!I2331*Prices2!D$10 -> 110.6875 | L2331: =Products2!J2331*Prices2!E$10 -> 0 | M2331: =Products2!K2331*Prices2!F$10 -> 6.5 | N2331: =Products2!L2331*Prices2!G$10 -> 0 | O2331: =Products2!M2331*Prices2!H$10 -> 0 | P2331: =Products2!N2331*Prices2!I$10 -> 2.375 | ... AJ2331: =Products2!AH2331*Prices2!AC$10 -> 0 | AK2331: =SUM(I2331:AJ2331) -> 500.85938 | AL2331: =AK2331-I2331 -> 275.35938 | AN2331: 2330 | AO2331: 1806 | AP2331: 1803 | AQ2331: 500.85938 | BM2331: 1803 | BN2331: 1924.9
A2332: INV1146 | B2332: 1 | C2332: 1803 | D2332: 1806 | E2332: 3 | F2332: 1806 | H2332: 0 | I2332: =Products2!G2332*Prices2!B$10 -> 789.25 | J2332: =Products2!H2332*Prices2!C$10 -> 0 | K2332: =Products2!I2332*Prices2!D$10 -> 0 | L2332: =Products2!J2332*Prices2!E$10 -> 0 | M2332: =Products2!K2332*Prices2!F$10 -> 0 | N2332: =Products2!L2332*Prices2!G$10 -> 0 | O2332: =Products2!M2332*Prices2!H$10 -> 0 | P2332: =Products2!N2332*Prices2!I$10 -> 0 | ... AJ2332: =Products2!AH2332*Prices2!AC$10 -> 0 | AK2332: =SUM(I2332:AJ2332) -> 825.46875 | AL2332: =AK2332-I2332 -> 36.21875 | AN2332: 2331 | AO2332: 1806 | AP2332: 1803 | AQ2332: 825.46875 | BM2332: 1803 | BN2332: 4637.27
A2333: INV1156 | B2333: 1 | C2333: 1803 | D2333: 1806 | E2333: 3 | F2333: 1806 | H2333: 0 | I2333: =Products2!G2333*Prices2!B$10 -> 789.25 | J2333: =Products2!H2333*Prices2!C$10 -> 0 | K2333: =Products2!I2333*Prices2!D$10 -> 0 | L2333: =Products2!J2333*Prices2!E$10 -> 0 | M2333: =Products2!K2333*Prices2!F$10 -> 0 | N2333: =Products2!L2333*Prices2!G$10 -> 0 | O2333: =Products2!M2333*Prices2!H$10 -> 0 | P2333: =Products2!N2333*Prices2!I$10 -> 0 | ... AJ2333: =Products2!AH2333*Prices2!AC$10 -> 0 | AK2333: =SUM(I2333:AJ2333) -> 813.45833 | AL2333: =AK2333-I2333 -> 24.208333 | AN2333: 2332 | AO2333: 1806 | AP2333: 1803 | AQ2333: 813.45833 | BM2333: 1803 | BN2333: 1547.75
A2334: INV1157 | B2334: 1 | C2334: 1803 | D2334: 1806 | E2334: 3 | F2334: 1806 | H2334: 0 | I2334: =Products2!G2334*Prices2!B$10 -> 902 | J2334: =Products2!H2334*Prices2!C$10 -> 34.75 | K2334: =Products2!I2334*Prices2!D$10 -> 0 | L2334: =Products2!J2334*Prices2!E$10 -> 0 | M2334: =Products2!K2334*Prices2!F$10 -> 0 | N2334: =Products2!L2334*Prices2!G$10 -> 0 | O2334: =Products2!M2334*Prices2!H$10 -> 0 | P2334: =Products2!N2334*Prices2!I$10 -> 3.1666667 | ... AJ2334: =Products2!AH2334*Prices2!AC$10 -> 9.1875 | AK2334: =SUM(I2334:AJ2334) -> 1210.8542 | AL2334: =AK2334-I2334 -> 308.85417 | AN2334: 2333 | AO2334: 1806 | AP2334: 1803 | AQ2334: 1210.8542 | BM2334: 1804 | BN2334: 87.58
A2335: INV1158 | B2335: 1 | C2335: 1803 | D2335: 1806 | E2335: 2 | F2335: 1806 | H2335: 0 | I2335: =Products2!G2335*Prices2!B$10 -> 112.75 | J2335: =Products2!H2335*Prices2!C$10 -> 0 | K2335: =Products2!I2335*Prices2!D$10 -> 0 | L2335: =Products2!J2335*Prices2!E$10 -> 0 | M2335: =Products2!K2335*Prices2!F$10 -> 0 | N2335: =Products2!L2335*Prices2!G$10 -> 0 | O2335: =Products2!M2335*Prices2!H$10 -> 0 | P2335: =Products2!N2335*Prices2!I$10 -> 1.5833333 | ... AJ2335: =Products2!AH2335*Prices2!AC$10 -> 0 | AK2335: =SUM(I2335:AJ2335) -> 164.625 | AL2335: =AK2335-I2335 -> 51.875 | AN2335: 2334 | AO2335: 1806 | AP2335: 1803 | AQ2335: 164.625 | BM2335: 1804 | BN2335: 182.52
... A2529: INV1220 | B2529: 1 | C2529: 1806 | D2529: 1806 | E2529: 1 | F2529: 1806 | H2529: 0 | I2529: =Products2!G2529*Prices2!B$10 -> 0 | J2529: =Products2!H2529*Prices2!C$10 -> 0 | K2529: =Products2!I2529*Prices2!D$10 -> 0 | L2529: =Products2!J2529*Prices2!E$10 -> 0 | M2529: =Products2!K2529*Prices2!F$10 -> 0 | N2529: =Products2!L2529*Prices2!G$10 -> 0 | O2529: =Products2!M2529*Prices2!H$10 -> 0 | P2529: =Products2!N2529*Prices2!I$10 -> 0 | ... AJ2529: =Products2!AH2529*Prices2!AC$10 -> 0 | AK2529: =SUM(I2529:AJ2529) -> 30.5 | AL2529: =AK2529-I2529 -> 30.5 | AN2529: 2528 | AO2529: 1806 | AP2529: 1806 | AQ2529: 30.5 | BM2529: 1806 | BN2529: 2706
A2530: INV1221 | B2530: 1 | C2530: 1806 | D2530: 1806 | E2530: 2 | F2530: 1806 | H2530: 0 | I2530: =Products2!G2530*Prices2!B$10 -> 112.75 | J2530: =Products2!H2530*Prices2!C$10 -> 0 | K2530: =Products2!I2530*Prices2!D$10 -> 0 | L2530: =Products2!J2530*Prices2!E$10 -> 0 | M2530: =Products2!K2530*Prices2!F$10 -> 0 | N2530: =Products2!L2530*Prices2!G$10 -> 0 | O2530: =Products2!M2530*Prices2!H$10 -> 0 | P2530: =Products2!N2530*Prices2!I$10 -> 1.5833333 | ... AJ2530: =Products2!AH2530*Prices2!AC$10 -> 9.1875 | AK2530: =SUM(I2530:AJ2530) -> 148.64583 | AL2530: =AK2530-I2530 -> 35.895833 | AN2530: 2529 | AO2530: 1806 | AP2530: 1806 | AQ2530: 148.64583
A2531: INV1223 | B2531: 1 | C2531: 1806 | D2531: 1806 | E2531: 1 | F2531: 1806 | H2531: 0 | I2531: =Products2!G2531*Prices2!B$10 -> 0 | J2531: =Products2!H2531*Prices2!C$10 -> 0 | K2531: =Products2!I2531*Prices2!D$10 -> 0 | L2531: =Products2!J2531*Prices2!E$10 -> 0 | M2531: =Products2!K2531*Prices2!F$10 -> 0 | N2531: =Products2!L2531*Prices2!G$10 -> 0 | O2531: =Products2!M2531*Prices2!H$10 -> 0 | P2531: =Products2!N2531*Prices2!I$10 -> 0 | ... AJ2531: =Products2!AH2531*Prices2!AC$10 -> 0 | AK2531: =SUM(I2531:AJ2531) -> 6.5625 | AL2531: =AK2531-I2531 -> 6.5625 | AN2531: 2530 | AO2531: 1806 | AP2531: 1806 | AQ2531: 6.5625
A2532: INV1224 | B2532: 1 | C2532: 1806 | D2532: 1806 | E2532: 1 | F2532: 1806 | H2532: 0 | I2532: =Products2!G2532*Prices2!B$10 -> 0 | J2532: =Products2!H2532*Prices2!C$10 -> 0 | K2532: =Products2!I2532*Prices2!D$10 -> 0 | L2532: =Products2!J2532*Prices2!E$10 -> 0 | M2532: =Products2!K2532*Prices2!F$10 -> 0 | N2532: =Products2!L2532*Prices2!G$10 -> 0 | O2532: =Products2!M2532*Prices2!H$10 -> 0 | P2532: =Products2!N2532*Prices2!I$10 -> 0 | ... AJ2532: =Products2!AH2532*Prices2!AC$10 -> 0 | AK2532: =SUM(I2532:AJ2532) -> 23.1875 | AL2532: =AK2532-I2532 -> 23.1875 | AN2532: 2531 | AO2532: 1806 | AP2532: 1806 | AQ2532: 23.1875
A2533: INV1225 | B2533: 1 | C2533: 1806 | D2533: 1806 | E2533: 3 | F2533: 1806 | H2533: 0 | I2533: =Products2!G2533*Prices2!B$10 -> 1014.75 | J2533: =Products2!H2533*Prices2!C$10 -> 356.1875 | K2533: =Products2!I2533*Prices2!D$10 -> 110.6875 | L2533: =Products2!J2533*Prices2!E$10 -> 27.27 | M2533: =Products2!K2533*Prices2!F$10 -> 13 | N2533: =Products2!L2533*Prices2!G$10 -> 0 | O2533: =Products2!M2533*Prices2!H$10 -> 0 | P2533: =Products2!N2533*Prices2!I$10 -> 4.75 | ... AJ2533: =Products2!AH2533*Prices2!AC$10 -> 0 | AK2533: =SUM(I2533:AJ2533) -> 1634.4262 | AL2533: =AK2533-I2533 -> 619.67625 | AN2533: 2532 | AO2533: 1806 | AP2533: 1806 | AQ2533: 1634.4262
A2534: INV1226 | B2534: 1 | C2534: 1806 | D2534: 1806 | E2534: 2 | F2534: 1806 | H2534: 0 | I2534: =Products2!G2534*Prices2!B$10 -> 451 | J2534: =Products2!H2534*Prices2!C$10 -> 860.0625 | K2534: =Products2!I2534*Prices2!D$10 -> 0 | L2534: =Products2!J2534*Prices2!E$10 -> 182.81 | M2534: =Products2!K2534*Prices2!F$10 -> 0 | N2534: =Products2!L2534*Prices2!G$10 -> 0 | O2534: =Products2!M2534*Prices2!H$10 -> 0 | P2534: =Products2!N2534*Prices2!I$10 -> 3.9583333 | ... AJ2534: =Products2!AH2534*Prices2!AC$10 -> 0 | AK2534: =SUM(I2534:AJ2534) -> 1538.0808 | AL2534: =AK2534-I2534 -> 1087.0808 | AN2534: 2533 | AO2534: 1806 | AP2534: 1806 | AQ2534: 1538.0808
A2535: INV1227 | B2535: 1 | C2535: 1806 | D2535: 1806 | E2535: 1 | F2535: 1806 | H2535: 0 | I2535: =Products2!G2535*Prices2!B$10 -> 0 | J2535: =Products2!H2535*Prices2!C$10 -> 0 | K2535: =Products2!I2535*Prices2!D$10 -> 0 | L2535: =Products2!J2535*Prices2!E$10 -> 0 | M2535: =Products2!K2535*Prices2!F$10 -> 0 | N2535: =Products2!L2535*Prices2!G$10 -> 0 | O2535: =Products2!M2535*Prices2!H$10 -> 0 | P2535: =Products2!N2535*Prices2!I$10 -> 0 | ... AJ2535: =Products2!AH2535*Prices2!AC$10 -> 0 | AK2535: =SUM(I2535:AJ2535) -> 24 | AL2535: =AK2535-I2535 -> 24 | AN2535: 2534 | AO2535: 1806 | AP2535: 1806 | AQ2535: 24
A2536: INV1228 | B2536: 1 | C2536: 1806 | D2536: 1806 | E2536: 2 | F2536: 1806 | H2536: 0 | I2536: =Products2!G2536*Prices2!B$10 -> 338.25 | J2536: =Products2!H2536*Prices2!C$10 -> 0 | K2536: =Products2!I2536*Prices2!D$10 -> 0 | L2536: =Products2!J2536*Prices2!E$10 -> 0 | M2536: =Products2!K2536*Prices2!F$10 -> 0 | N2536: =Products2!L2536*Prices2!G$10 -> 0 | O2536: =Products2!M2536*Prices2!H$10 -> 0 | P2536: =Products2!N2536*Prices2!I$10 -> 0 | ... AJ2536: =Products2!AH2536*Prices2!AC$10 -> 0 | AK2536: =SUM(I2536:AJ2536) -> 410.0625 | AL2536: =AK2536-I2536 -> 71.8125 | AN2536: 2535 | AO2536: 1806 | AP2536: 1806 | AQ2536: 410.0625
A2537: INV1229 | B2537: 1 | C2537: 1806 | D2537: 1806 | E2537: 1 | F2537: 1806 | H2537: 0 | I2537: =Products2!G2537*Prices2!B$10 -> 0 | J2537: =Products2!H2537*Prices2!C$10 -> 243.25 | K2537: =Products2!I2537*Prices2!D$10 -> 0 | L2537: =Products2!J2537*Prices2!E$10 -> 0 | M2537: =Products2!K2537*Prices2!F$10 -> 0 | N2537: =Products2!L2537*Prices2!G$10 -> 0 | O2537: =Products2!M2537*Prices2!H$10 -> 0 | P2537: =Products2!N2537*Prices2!I$10 -> 0 | ... AJ2537: =Products2!AH2537*Prices2!AC$10 -> 0 | AK2537: =SUM(I2537:AJ2537) -> 252.03125 | AL2537: =AK2537-I2537 -> 252.03125 | AN2537: 2536 | AO2537: 1806 | AP2537: 1806 | AQ2537: 252.03125
A2538: INV1232 | B2538: 1 | C2538: 1806 | D2538: 1806 | E2538: 1 | F2538: 1806 | H2538: 0 | I2538: =Products2!G2538*Prices2!B$10 -> 0 | J2538: =Products2!H2538*Prices2!C$10 -> 104.25 | K2538: =Products2!I2538*Prices2!D$10 -> 15.8125 | L2538: =Products2!J2538*Prices2!E$10 -> 332.29 | M2538: =Products2!K2538*Prices2!F$10 -> 0 | N2538: =Products2!L2538*Prices2!G$10 -> 0 | O2538: =Products2!M2538*Prices2!H$10 -> 0 | P2538: =Products2!N2538*Prices2!I$10 -> 1.5833333 | ... AJ2538: =Products2!AH2538*Prices2!AC$10 -> 0 | AK2538: =SUM(I2538:AJ2538) -> 488.93583 | AL2538: =AK2538-I2538 -> 488.93583 | AN2538: 2537 | AO2538: 1806 | AP2538: 1806 | AQ2538: 488.93583
A2539: INV1233 | B2539: 1 | C2539: 1806 | D2539: 1806 | E2539: 3 | F2539: 1806 | H2539: 0 | I2539: =Products2!G2539*Prices2!B$10 -> 563.75 | J2539: =Products2!H2539*Prices2!C$10 -> 460.4375 | K2539: =Products2!I2539*Prices2!D$10 -> 94.875 | L2539: =Products2!J2539*Prices2!E$10 -> 449.45 | M2539: =Products2!K2539*Prices2!F$10 -> 0 | N2539: =Products2!L2539*Prices2!G$10 -> 0 | O2539: =Products2!M2539*Prices2!H$10 -> 0 | P2539: =Products2!N2539*Prices2!I$10 -> 0.79166667 | ... AJ2539: =Products2!AH2539*Prices2!AC$10 -> 0 | AK2539: =SUM(I2539:AJ2539) -> 1644.9292 | AL2539: =AK2539-I2539 -> 1081.1792 | AN2539: 2538 | AO2539: 1806 | AP2539: 1806 | AQ2539: 1644.9292
A2540: INV1234 | B2540: 1 | C2540: 1806 | D2540: 1806 | E2540: 2 | F2540: 1806 | H2540: 0 | I2540: =Products2!G2540*Prices2!B$10 -> 225.5 | J2540: =Products2!H2540*Prices2!C$10 -> 139 | K2540: =Products2!I2540*Prices2!D$10 -> 110.6875 | L2540: =Products2!J2540*Prices2!E$10 -> 294.92 | M2540: =Products2!K2540*Prices2!F$10 -> 6.5 | N2540: =Products2!L2540*Prices2!G$10 -> 0 | O2540: =Products2!M2540*Prices2!H$10 -> 0 | P2540: =Products2!N2540*Prices2!I$10 -> 8.7083333 | ... AJ2540: =Products2!AH2540*Prices2!AC$10 -> 0 | AK2540: =SUM(I2540:AJ2540) -> 840.31583 | AL2540: =AK2540-I2540 -> 614.81583 | AN2540: 2539 | AO2540: 1806 | AP2540: 1806 | AQ2540: 840.31583
A2541: INV1235 | B2541: 1 | C2541: 1806 | D2541: 1806 | E2541: 1 | F2541: 1806 | H2541: 0 | I2541: =Products2!G2541*Prices2!B$10 -> 0 | J2541: =Products2!H2541*Prices2!C$10 -> 0 | K2541: =Products2!I2541*Prices2!D$10 -> 0 | L2541: =Products2!J2541*Prices2!E$10 -> 0 | M2541: =Products2!K2541*Prices2!F$10 -> 0 | N2541: =Products2!L2541*Prices2!G$10 -> 0 | O2541: =Products2!M2541*Prices2!H$10 -> 0 | P2541: =Products2!N2541*Prices2!I$10 -> 0 | ... AJ2541: =Products2!AH2541*Prices2!AC$10 -> 0 | AK2541: =SUM(I2541:AJ2541) -> 9.5 | AL2541: =AK2541-I2541 -> 9.5 | AN2541: 2540 | AO2541: 1806 | AP2541: 1806 | AQ2541: 9.5
... A2578: INV2338 | B2578: 1 | C2578: 1806 | D2578: 1806 | E2578: 4 | F2578: 1806 | H2578: 0 | I2578: =Products2!G2578*Prices2!B$10 -> 2706 | J2578: =Products2!H2578*Prices2!C$10 -> 0 | K2578: =Products2!I2578*Prices2!D$10 -> 0 | L2578: =Products2!J2578*Prices2!E$10 -> 0 | M2578: =Products2!K2578*Prices2!F$10 -> 0 | N2578: =Products2!L2578*Prices2!G$10 -> 0 | O2578: =Products2!M2578*Prices2!H$10 -> 0 | P2578: =Products2!N2578*Prices2!I$10 -> 0 | ... AJ2578: =Products2!AH2578*Prices2!AC$10 -> 0 | AK2578: =SUM(I2578:AJ2578) -> 2706 | AL2578: =AK2578-I2578 -> 0 | AN2578: 2577 | AO2578: 1806 | AP2578: 1806 | AQ2578: 2706

Sheet Predictions
A1: date | B1: pwealth | D1: decade | E1: pwealth | G1: decade | H1: N | I1: sum | J1: mean | K1: sd | L1: min | M1: max | N1: p10 | O1: p25 | P1: p50 | Q1: p75 | R1: p90
A2: 1673 | B2: 263.2659 | D2: 1700 | E2: 1211.218 | G2: 1700 | H2: 71 | I2: 85996.46 | J2: 1211.218 | K2: 1784.215 | L2: 0 | M2: 8653.18 | N2: 87.82177 | O2: 164.9646 | P2: 577.8901 | Q2: 1201.696 | R2: 3712.283
A3: 1685 | B3: 3712.283 | D3: 1710 | E3: 2496.303 | G3: 1710 | H3: 77 | I3: 192215.3 | J3: 2496.303 | K3: 3379.354 | L3: 0 | M3: 21958.66 | N3: 69.87946 | O3: 348.2229 | P3: 1436.7 | Q3: 3602.23 | R3: 6150.545
A4: 1687 | B4: 200.2832 | D4: 1720 | E4: 1894.416 | G4: 1720 | H4: 198 | I4: 375094.3 | J4: 1894.416 | K4: 2415.84 | L4: 0 | M4: 15123.41 | N4: 27.97614 | O4: 413.0846 | P4: 1049.77 | Q4: 2524.959 | R4: 5124.979
A5: 1688 | B5: 1201.696 | D5: 1730 | E5: 2229.125 | G5: 1730 | H5: 135 | I5: 300931.9 | J5: 2229.125 | K5: 2679.571 | L5: 0 | M5: 21305.2 | N5: 260.4011 | O5: 569.4227 | P5: 1342.647 | Q5: 3020.812 | R5: 5097.789
A6: 1689 | B6: 116.0665 | D6: 1740 | E6: 3066.329 | G6: 1740 | H6: 157 | I6: 481413.6 | J6: 3066.329 | K6: 3393.565 | L6: 0 | M6: 16769.44 | N6: 130.2005 | O6: 832.1911 | P6: 2083.738 | Q6: 3842.918 | R6: 7397.661
A7: 1689 | B7: 577.8901 | D7: 1750 | E7: 3491.625 | G7: 1750 | H7: 122 | I7: 425978.3 | J7: 3491.625 | K7: 3634.987 | L7: 0 | M7: 20788.28 | N7: 390.6017 | O7: 972.5552 | P7: 2258.019 | Q7: 4670.781 | R7: 7373.064
A8: 1689 | B8: 891.3402 | D8: 1760 | E8: 2910.731 | G8: 1760 | H8: 157 | I8: 456984.8 | J8: 2910.731 | K8: 3223.357 | L8: 0 | M8: 21116.68 | N8: 339.1921 | O8: 910.9105 | P8: 1878.26 | Q8: 3798.216 | R8: 6196.765
A9: 1689 | B9: 141.927 | D9: 1770 | E9: 2674.841 | G9: 1770 | H9: 245 | I9: 655336.1 | J9: 2674.841 | K9: 3161.209 | L9: 0 | M9: 22462.46 | N9: 107.8375 | O9: 499.9679 | P9: 1668.791 | Q9: 3679.774 | R9: 6458.165
A10: 1689 | B10: 811.0112 | D10: 1780 | E10: 3401.5 | G10: 1780 | H10: 290 | I10: 986435.1 | J10: 3401.5 | K10: 4898.26 | L10: 0 | M10: 45943.26 | N10: 207.8871 | O10: 778.6667 | P10: 2019.82 | Q10: 4253.715 | R10: 7607.279
A11: 1689 | B11: 889.0853 | D11: 1790 | E11: 3363.354 | G11: 1790 | H11: 362 | I11: 1217534 | J11: 3363.354 | K11: 4103.793 | L11: 0 | M11: 34629.51 | N11: 180.5026 | O11: 769.1656 | P11: 2248.28 | Q11: 4525.764 | R11: 7465.501
A12: 1689 | B12: 263.5786 | D12: 1800 | E12: 2637.975 | G12: 1800 | H12: 414 | I12: 1092122 | J12: 2637.975 | K12: 3109.973 | L12: 0 | M12: 26646.06 | N12: 62.13375 | O12: 415.1093 | P12: 1615.579 | Q12: 3768.705 | R12: 6361.984
A13: 1689 | B13: 631.9924 | D13: 1806 | E13: 1792.308 | G13: 1806 | H13: 349 | I13: 625515.5 | J13: 1792.308 | K13: 2949.081 | L13: 0 | M13: 40770.91 | N13: 4.755082 | O13: 260.4011 | P13: 975.3434 | Q13: 2342.644 | R13: 4447.54
A14: 1690 | B14: 709.2662 | G14: Total | H14: 2577 | I14: 6895557 | J14: 2675.808 | K14: 3508.261 | L14: 0 | M14: 45943.26 | N14: 89.20295 | O14: 517.0643 | P14: 1523.8 | Q14: 3627.104 | R14: 6391.118
A15: 1691 | B15: 0
A16: 1692 | B16: 168.4961
A17: 1692 | B17: 616.3856
A18: 1692 | B18: 0
A19: 1693 | B19: 930.0622
A20: 1693 | B20: 6629.602
A21: 1693 | B21: 1386.106
A22: 1694 | B22: 1947.382
A23: 1694 | B23: 1505.12
A24: 1695 | B24: 1399.212
A25: 1695 | B25: 949.412
A26: 1695 | B26: 131.5817
... A2578: 1806 | B2578: 3124.813

Sheet Descriptives by decade
A1: decade | B1: N | C1: sum | D1: mean | E1: sd | F1: min | G1: max | H1: p10 | I1: p25 | J1: p50 | K1: p75 | L1: p90
A2: 1700 | B2: 71 | C2: 53910.38 | D2: 759.3011 | E2: 1198.049 | F2: 0 | G2: 5406.13 | H2: 1.58 | I2: 66.52 | J2: 284.19 | K2: 738.02 | L2: 2451.51
A3: 1710 | B3: 77 | C3: 113867 | D3: 1478.792 | E3: 2104.999 | F3: 0 | G3: 13793.9 | H3: 8.31 | I3: 136.47 | J3: 577.45 | K3: 2195.23 | L3: 3883.25
A4: 1720 | B4: 198 | C4: 219691 | D4: 1109.55 | E4: 1567.193 | F4: 0 | G4: 10793.43 | H4: 6 | I4: 145 | J4: 506.19 | K4: 1632.6 | L4: 3043.44
A5: 1730 | B5: 135 | C5: 165180.4 | D5: 1223.558 | E5: 1548.999 | F5: 0 | G5: 11225.97 | H5: 33.33 | I5: 173.54 | J5: 614.35 | K5: 2052.5 | L5: 3050.5
A6: 1740 | B6: 157 | C6: 285246.3 | D6: 1816.855 | E6: 2164.293 | F6: 0 | G6: 10096.59 | H6: 65.5 | I6: 289.06 | J6: 1088.94 | K6: 2474.25 | L6: 4910.82
A7: 1750 | B7: 122 | C7: 254252.9 | D7: 2084.04 | E7: 2257.994 | F7: 0 | G7: 12907.74 | H7: 137.08 | I7: 435.62 | J7: 1397.5 | K7: 2724.71 | L7: 4961.9
A8: 1760 | B8: 157 | C8: 238677.4 | D8: 1520.238 | E8: 1928.466 | F8: 0 | G8: 11492.21 | H8: 116.54 | I8: 381.83 | J8: 878 | K8: 1842.28 | L8: 3639.68
A9: 1770 | B9: 245 | C9: 381450.7 | D9: 1556.942 | E9: 1985.269 | F9: 0 | G9: 13640.09 | H9: 24.19 | I9: 167.52 | J9: 793.89 | K9: 2277.94 | L9: 3856.28
A10: 1780 | B10: 290 | C10: 571833.3 | D10: 1971.839 | E10: 2844.637 | F10: 0 | G10: 27521.11 | H10: 39.545 | I10: 396.56 | J10: 1073.38 | K10: 2583.91 | L10: 4776.775
A11: 1790 | B11: 362 | C11: 716289 | D11: 1978.699 | E11: 2733.326 | F11: 0 | G11: 24680.16 | H11: 43.92 | I11: 292.69 | J11: 1239.52 | K11: 2711 | L11: 4383.01
A12: 1800 | B12: 414 | C12: 676256.3 | D12: 1633.469 | E12: 1978.71 | F12: 0 | G12: 16929.85 | H12: 29.5 | I12: 234.92 | J12: 1000.03 | K12: 2383.49 | L12: 4018.17
A13: Total | B13: 2228 | C13: 3676655 | D13: 1650.204 | E13: 2225.206 | F13: 0 | G13: 27521.11 | H13: 27.8 | I13: 245.295 | J13: 886.57 | K13: 2303.035 | L13: 4027.89

Sheet Group 1
A1: inv | B1: date | C1: decade | D1: group | E1: vigade | F1: quinade | G1: slaves | H1: beesten | I1: paarden | J1: schapen | K1: ploeg | L1: koornharp | M1: schuijt | N1: emmers | O1: graaven | P1: geweer | Q1: brandewijnskeetels | R1: waagen | S1: aambeeld | T1: bankschroef | U1: balans | V1: tang | W1: stoven | X1: kadels | Y1: stoel | Z1: broek | AA1: strijkijsters | AB1: boeken | AC1: horlogie | AD1: snuijfdoos | AE1: schilderij | AF1: spiegel | AG1: vogelkooi | AH1: ring | AI1: total | AJ1: totalns
A2: INV0001 | B2: 1673 | C2: 1700 | D2: 1 | E2: 1700 | G2: 0 | H2: 34.75 | I2: 0 | J2: 0 | K2: 0 | L2: 0 | M2: 0 | N2: 0 | O2: 1.15625 | P2: 3.125 | Q2: 0 | R2: 0 | S2: 0 | T2: 0 | U2: 0 | V2: 0.75 | W2: 0 | X2: 0 | Y2: 0 | Z2: 1.3125 | AA2: 0 | AB2: 0 | AC2: 0 | AD2: 0 | AE2: 2.25 | AF2: 0 | AG2: 0 | AH2: 6.125 | AI2: 49.47 | AJ2: 49.47
A3: INV2444 | B3: 1687 | C3: 1700 | D3: 1 | E3: 1700 | G3: 0 | H3: 52.125 | I3: 0 | J3: 70.7 | K3: 0 | L3: 0 | M3: 0 | N3: 0 | O3: 0 | P3: 0 | Q3: 0 | R3: 0 | S3: 0 | T3: 0 | U3: 0 | V3: 0 | W3: 0 | X3: 0 | Y3: 0 | Z3: 0 | AA3: 0 | AB3: 0 | AC3: 0 | AD3: 0 | AE3: 0 | AF3: 0 | AG3: 0 | AH3: 0 | AI3: 122.83 | AJ3: 122.83
A4: INV2445 | B4: 1689 | C4: 1700 | D4: 1 | E4: 1700 | G4: 0 | H4: 0 | I4: 0 | J4: 99.99 | K4: 0 | L4: 0 | M4: 0 | N4: 0 | O4: 0 | P4: 0 | Q4: 0 | R4: 0 | S4: 0 | T4: 0 | U4: 0 | V4: 0 | W4: 0 | X4: 1.625 | Y4: 0 | Z4: 1.3125 | AA4: 0 | AB4: 0 | AC4: 0 | AD4: 0 | AE4: 0 | AF4: 0 | AG4: 0 | AH4: 0 | AI4: 102.93 | AJ4: 102.93
A5: INV2448 | B5: 1689 | C5: 1700 | D5: 1 | E5: 1700 | G5: 0 | H5: 60.8125 | I5: 0 | J5: 0 | K5: 6.5 | L5: 0 | M5: 0 | N5: 0 | O5: 0 | P5: 0 | Q5: 0 | R5: 34 | S5: 0 | T5: 0 | U5: 0 | V5: 0 | W5: 0 | X5: 0 | Y5: 0 | Z5: 0 | AA5: 0 | AB5: 0 | AC5: 0 | AD5: 0 | AE5: 0 | AF5: 0 | AG5: 0 | AH5: 0 | AI5: 101.31 | AJ5: 101.31
A6: INV2449 | B6: 1689 | C6: 1700 | D6: 1 | E6: 1700 | G6: 0 | H6: 347.5 | I6: 31.625 | J6: 0 | K6: 6.5 | L6: 0 | M6: 0 | N6: 0 | O6: 0 | P6: 0 | Q6: 0 | R6: 34 | S6: 0 | T6: 0 | U6: 0 | V6: 0 | W6: 0 | X6: 0 | Y6: 0 | Z6: 0 | AA6: 0 | AB6: 0 | AC6: 0 | AD6: 0 | AE6: 0 | AF6: 0 | AG6: 0 | AH6: 0 | AI6: 419.63 | AJ6: 419.63
A7: INV2450 | B7: 1689 | C7: 1700 | D7: 1 | E7: 1700 | G7: 0 | H7: 260.625 | I7: 47.4375 | J7: 252.5 | K7: 6.5 | L7: 0 | M7: 0 | N7: 0 | O7: 0 | P7: 0 | Q7: 0 | R7: 34 | S7: 0 | T7: 0 | U7: 0 | V7: 0 | W7: 0 | X7: 0 | Y7: 0 | Z7: 0 | AA7: 0 | AB7: 0 | AC7: 0 | AD7: 0 | AE7: 0 | AF7: 0 | AG7: 0 | AH7: 0 | AI7: 601.06 | AJ7: 601.06
A8: INV2451 | B8: 1689 | C8: 1700 | D8: 1 | E8: 1700 | G8: 0 | H8: 112.938 | I8: 31.625 | J8: 0 | K8: 6.5 | L8: 0 | M8: 0 | N8: 0 | O8: 0 | P8: 0 | Q8: 0 | R8: 34 | S8: 0 | T8: 0 | U8: 0 | V8: 0 | W8: 0 | X8: 0 | Y8: 0 | Z8: 0 | AA8: 0 | AB8: 0 | AC8: 0 | AD8: 0 | AE8: 0 | AF8: 0 | AG8: 0 | AH8: 0 | AI8: 185.06 | AJ8: 185.06
A9: INV2452 | B9: 1689 | C9: 1700 | D9: 1 | E9: 1700 | G9: 0 | H9: 147.688 | I9: 0 | J9: 20.2 | K9: 6.5 | L9: 0 | M9: 0 | N9: 2.375 | O9: 0.578125 | P9: 3.125 | Q9: 0 | R9: 0 | S9: 0 | T9: 0 | U9: 0 | V9: 0.75 | W9: 0 | X9: 0 | Y9: 0 | Z9: 0 | AA9: 0 | AB9: 0 | AC9: 0 | AD9: 0 | AE9: 0 | AF9: 0 | AG9: 0 | AH9: 0 | AI9: 181.22 | AJ9: 181.22
A10: INV0083 | B10: 1691 | C10: 1700 | D10: 1 | E10: 1700 | G10: 0 | H10: 0 | I10: 0 | J10: 0 | K10: 0 | L10: 0 | M10: 0 | N10: 0 | O10: 0 | P10: 0 | Q10: 0 | R10: 0 | S10: 0 | T10: 0 | U10: 0 | V10: 0 | W10: 0 | X10: 0 | Y10: 0 | Z10: 0 | AA10: 0 | AB10: 0 | AC10: 0 | AD10: 0 | AE10: 0 | AF10: 0 | AG10: 0 | AH10: 0 | AI10: 0 | AJ10: 0
A11: INV0023 | B11: 1692 | C11: 1700 | D11: 1 | E11: 1700 | G11: 0 | H11: 0 | I11: 0 | J11: 151.5 | K11: 0 | L11: 0 | M11: 0 | N11: 0 | O11: 0 | P11: 0 | Q11: 0 | R11: 0 | S11: 0 | T11: 0 | U11: 0 | V11: 0 | W11: 0 | X11: 0 | Y11: 0 | Z11: 0 | AA11: 0 | AB11: 0 | AC11: 0 | AD11: 0 | AE11: 0 | AF11: 0 | AG11: 0 | AH11: 0 | AI11: 151.5 | AJ11: 151.5
A12: INV0082 | B12: 1692 | C12: 1700 | D12: 1 | E12: 1700 | G12: 0 | H12: 0 | I12: 0 | J12: 0 | K12: 0 | L12: 0 | M12: 0 | N12: 0 | O12: 0 | P12: 0 | Q12: 0 | R12: 0 | S12: 0 | T12: 0 | U12: 0 | V12: 0 | W12: 0 | X12: 0 | Y12: 0 | Z12: 0 | AA12: 0 | AB12: 0 | AC12: 0 | AD12: 0 | AE12: 0 | AF12: 0 | AG12: 0 | AH12: 0 | AI12: 0 | AJ12: 0
A13: INV0054 | B13: 1693 | C13: 1700 | D13: 1 | E13: 1700 | F13: 1697 | G13: 0 | H13: 34.75 | I13: 47.4375 | J13: 303 | K13: 0 | L13: 0 | M13: 0 | N13: 1.58333 | O13: 1.15625 | P13: 3.125 | Q13: 0 | R13: 34 | S13: 0 | T13: 0 | U13: 0 | V13: 0 | W13: 0 | X13: 0 | Y13: 3.375 | Z13: 0 | AA13: 1 | AB13: 0 | AC13: 0 | AD13: 0 | AE13: 0 | AF13: 4.5 | AG13: 1.25 | AH13: 0 | AI13: 435.18 | AJ13: 435.18
A14: INV0009 | B14: 1696 | C14: 1700 | D14: 1 | E14: 1700 | F14: 1697 | G14: 0 | H14: 312.75 | I14: 31.625 | J14: 0 | K14: 0 | L14: 0 | M14: 0 | N14: 0 | O14: 0 | P14: 0 | Q14: 0 | R14: 0 | S14: 0 | T14: 0 | U14: 0 | V14: 0 | W14: 0 | X14: 0 | Y14: 0 | Z14: 0 | AA14: 0 | AB14: 0 | AC14: 0 | AD14: 0 | AE14: 0 | AF14: 0 | AG14: 0 | AH14: 0 | AI14: 344.38 | AJ14: 344.38
A15: INV0011 | B15: 1696 | C15: 1700 | D15: 1 | E15: 1700 | F15: 1697 | G15: 0 | H15: 304.063 | I15: 15.8125 | J15: 418.14 | K15: 0 | L15: 0 | M15: 0 | N15: 0 | O15: 0 | P15: 0 | Q15: 0 | R15: 0 | S15: 0 | T15: 0 | U15: 0 | V15: 0 | W15: 0 | X15: 0 | Y15: 0 | Z15: 0 | AA15: 0 | AB15: 0 | AC15: 0 | AD15: 0 | AE15: 0 | AF15: 0 | AG15: 0 | AH15: 0 | AI15: 738.02 | AJ15: 738.02
A16: INV0015 | B16: 1697 | C16: 1700 | D16: 1 | E16: 1700 | F16: 1697 | G16: 0 | H16: 260.625 | I16: 31.625 | J16: 101 | K16: 0 | L16: 0 | M16: 0 | N16: 0 | O16: 0 | P16: 0 | Q16: 0 | R16: 0 | S16: 0 | T16: 0 | U16: 0 | V16: 0 | W16: 0 | X16: 0 | Y16: 0 | Z16: 0 | AA16: 0 | AB16: 0 | AC16: 0 | AD16: 0 | AE16: 0 | AF16: 0 | AG16: 0 | AH16: 0 | AI16: 393.25 | AJ16: 393.25
A17: INV0019 | B17: 1697 | C17: 1700 | D17: 1 | E17: 1700 | F17: 1697 | G17: 0 | H17: 0 | I17: 0 | J17: 0 | K17: 0 | L17: 0 | M17: 0 | N17: 0.791667 | O17: 0 | P17: 3.125 | Q17: 0 | R17: 0 | S17: 0 | T17: 0 | U17: 0 | V17: 0.75 | W17: 0 | X17: 4.875 | Y17: 0 | Z17: 0 | AA17: 0 | AB17: 0 | AC17: 12.125 | AD17: 0 | AE17: 0 | AF17: 4.5 | AG17: 0 | AH17: 0 | AI17: 26.17 | AJ17: 26.17
A18: INV0020 | B18: 1697 | C18: 1700 | D18: 1 | E18: 1700 | F18: 1697 | G18: 0 | H18: 0 | I18: 15.8125 | J18: 0 | K18: 0 | L18: 0 | M18: 30 | N18: 1.58333 | O18: 0 | P18: 0 | Q18: 0 | R18: 0 | S18: 0 | T18: 0 | U18: 0 | V18: 0.75 | W18: 0 | X18: 1.625 | Y18: 3.375 | Z18: 0 | AA18: 1 | AB18: 0 | AC18: 0 | AD18: 0 | AE18: 12.375 | AF18: 0 | AG18: 0 | AH18: 0 | AI18: 66.52 | AJ18: 66.52
A19: INV0024 | B19: 1697 | C19: 1700 | D19: 1 | E19: 1700 | F19: 1697 | G19: 0 | H19: 173.75 | I19: 31.625 | J19: 0 | K19: 0 | L19: 0 | M19: 0 | N19: 0 | O19: 0 | P19: 0 | Q19: 0 | R19: 0 | S19: 0 | T19: 0 | U19: 0 | V19: 0 | W19: 0 | X19: 0 | Y19: 0 | Z19: 0 | AA19: 0 | AB19: 0 | AC19: 0 | AD19: 0 | AE19: 0 | AF19: 0 | AG19: 0 | AH19: 0 | AI19: 205.38 | AJ19: 205.38
A20: INV0025 | B20: 1697 | C20: 1700 | D20: 1 | E20: 1700 | F20: 1697 | G20: 0 | H20: 0 | I20: 0 | J20: 0 | K20: 0 | L20: 0 | M20: 0 | N20: 0 | O20: 0 | P20: 0 | Q20: 0 | R20: 0 | S20: 0 | T20: 0 | U20: 0 | V20: 0 | W20: 0 | X20: 0 | Y20: 0 | Z20: 0 | AA20: 1 | AB20: 0 | AC20: 0 | AD20: 0 | AE20: 0 | AF20: 0 | AG20: 0 | AH20: 3.0625 | AI20: 4.06 | AJ20: 4.06
A21: INV0026 | B21: 1697 | C21: 1700 | D21: 1 | E21: 1700 | F21: 1697 | G21: 0 | H21: 0 | I21: 31.625 | J21: 0 | K21: 0 | L21: 0 | M21: 0 | N21: 0 | O21: 0 | P21: 0 | Q21: 0 | R21: 0 | S21: 0 | T21: 0 | U21: 0 | V21: 0 | W21: 0 | X21: 1.625 | Y21: 3.375 | Z21: 0 | AA21: 0 | AB21: 0 | AC21: 0 | AD21: 0 | AE21: 0 | AF21: 0 | AG21: 0 | AH21: 0 | AI21: 36.63 | AJ21: 36.63
A22: INV0032 | B22: 1697 | C22: 1700 | D22: 1 | E22: 1700 | F22: 1697 | G22: 0 | H22: 286.688 | I22: 0 | J22: 0 | K22: 6.5 | L22: 0 | M22: 0 | N22: 0 | O22: 0 | P22: 0 | Q22: 0 | R22: 34 | S22: 0 | T22: 0 | U22: 0 | V22: 0 | W22: 0 | X22: 1.625 | Y22: 0 | Z22: 0 | AA22: 0 | AB22: 0 | AC22: 0 | AD22: 0 | AE22: 0 | AF22: 0 | AG22: 0 | AH22: 0 | AI22: 328.81 | AJ22: 328.81
A23: INV0031 | B23: 1698 | C23: 1700 | D23: 1 | E23: 1700 | F23: 1702 | G23: 0 | H23: 0 | I23: 47.4375 | J23: 0 | K23: 0 | L23: 0 | M23: 0 | N23: 0 | O23: 0 | P23: 0 | Q23: 0 | R23: 0 | S23: 15.375 | T23: 0 | U23: 0 | V23: 0 | W23: 0 | X23: 0 | Y23: 0 | Z23: 0 | AA23: 0 | AB23: 0 | AC23: 0 | AD23: 0 | AE23: 0 | AF23: 0 | AG23: 0 | AH23: 0 | AI23: 62.81 | AJ23: 62.81
A24: INV2454 | B24: 1698 | C24: 1700 | D24: 1 | E24: 1700 | F24: 1702 | G24: 0 | H24: 52.125 | I24: 0 | J24: 0 | K24: 6.5 | L24: 0 | M24: 0 | N24: 0 | O24: 0 | P24: 0 | Q24: 0 | R24: 34 | S24: 0 | T24: 0 | U24: 0 | V24: 0 | W24: 0 | X24: 0 | Y24: 0 | Z24: 0 | AA24: 0 | AB24: 0 | AC24: 0 | AD24: 0 | AE24: 0 | AF24: 0 | AG24: 0 | AH24: 0 | AI24: 92.63 | AJ24: 92.63
... A751: INV2571 | B751: 1802 | C751: 1806 | D751: 1 | E751: 1806 | F751: 1802 | G751: 0 | H751: 0 | I751: 0 | J751: 0 | K751: 0 | L751: 0 | M751: 0 | N751: 0 | O751: 0 | P751: 0 | Q751: 0 | R751: 0 | S751: 0 | T751: 0 | U751: 0 | V751: 0 | W751: 0 | X751: 0 | Y751: 0 | Z751: 0 | AA751: 0 | AB751: 0 | AC751: 0 | AD751: 0 | AE751: 0 | AF751: 0 | AG751: 0 | AH751: 0 | AI751: 0 | AJ751: 0
A752: INV1087 | B752: 1803 | C752: 1806 | D752: 1 | E752: 1806 | G752: 0 | H752: 0 | I752: 0 | J752: 0 | K752: 0 | L752: 0 | M752: 0 | N752: 0 | O752: 0 | P752: 0 | Q752: 0 | R752: 0 | S752: 0 | T752: 0 | U752: 0 | V752: 0 | W752: 0 | X752: 0 | Y752: 0 | Z752: 31.5 | AA752: 0 | AB752: 16.6667 | AC752: 12.125 | AD752: 4.1875 | AE752: 0 | AF752: 0 | AG752: 0 | AH752: 6.125 | AI752: 70.6 | AJ752: 70.6
A753: INV1168 | B753: 1803 | C753: 1806 | D753: 1 | E753: 1806 | G753: 0 | H753: 0 | I753: 0 | J753: 0 | K753: 0 | L753: 0 | M753: 0 | N753: 0 | O753: 0 | P753: 12.5 | Q753: 0 | R753: 0 | S753: 0 | T753: 0 | U753: 0 | V753: 0 | W753: 0 | X753: 0 | Y753: 0 | Z753: 26.25 | AA753: 0 | AB753: 3.33333 | AC753: 12.125 | AD753: 0 | AE753: 0 | AF753: 2.25 | AG753: 0 | AH753: 0 | AI753: 56.46 | AJ753: 56.46
A754: INV1198 | B754: 1803 | C754: 1806 | D754: 1 | E754: 1806 | G754: 0 | H754: 0 | I754: 0 | J754: 0 | K754: 0 | L754: 0 | M754: 0 | N754: 0 | O754: 0 | P754: 0 | Q754: 0 | R754: 0 | S754: 0 | T754: 28.5 | U754: 0 | V754: 0.75 | W754: 0 | X754: 0 | Y754: 0 | Z754: 6.5625 | AA754: 0 | AB754: 1.33333 | AC754: 12.125 | AD754: 0 | AE754: 0 | AF754: 0 | AG754: 0 | AH754: 0 | AI754: 49.27 | AJ754: 49.27
A755: INV2022 | B755: 1803 | C755: 1806 | D755: 1 | E755: 1806 | G755: 0 | H755: 373.563 | I755: 15.8125 | J755: 0 | K755: 0 | L755: 0 | M755: 0 | N755: 1.58333 | O755: 0 | P755: 6.25 | Q755: 0 | R755: 34 | S755: 0 | T755: 0 | U755: 0 | V755: 0 | W755: 0 | X755: 0 | Y755: 0 | Z755: 0 | AA755: 0 | AB755: 0 | AC755: 0 | AD755: 0 | AE755: 0 | AF755: 0 | AG755: 0 | AH755: 0 | AI755: 431.21 | AJ755: 431.21
A756: INV2028 | B756: 1803 | C756: 1806 | D756: 1 | E756: 1806 | G756: 0 | H756: 121.625 | I756: 79.0625 | J756: 158.57 | K756: 0 | L756: 0 | M756: 0 | N756: 0 | O756: 0 | P756: 6.25 | Q756: 0 | R756: 34 | S756: 0 | T756: 0 | U756: 0 | V756: 0 | W756: 0 | X756: 0 | Y756: 0 | Z756: 0 | AA756: 0 | AB756: 0 | AC756: 0 | AD756: 0 | AE756: 0 | AF756: 0 | AG756: 0 | AH756: 0 | AI756: 399.51 | AJ756: 399.51
A757: INV2029 | B757: 1803 | C757: 1806 | D757: 1 | E757: 1806 | G757: 0 | H757: 278 | I757: 79.0625 | J757: 165.64 | K757: 0 | L757: 0 | M757: 0 | N757: 0 | O757: 0 | P757: 0 | Q757: 0 | R757: 34 | S757: 0 | T757: 0 | U757: 0 | V757: 0 | W757: 0 | X757: 0 | Y757: 0 | Z757: 0 | AA757: 0 | AB757: 0 | AC757: 0 | AD757: 0 | AE757: 0 | AF757: 0 | AG757: 0 | AH757: 0 | AI757: 556.7 | AJ757: 556.7
A758: INV2030 | B758: 1803 | C758: 1806 | D758: 1 | E758: 1806 | G758: 0 | H758: 269.313 | I758: 126.5 | J758: 422.18 | K758: 6.5 | L758: 0 | M758: 0 | N758: 1.58333 | O758: 1.15625 | P758: 0 | Q758: 35.3125 | R758: 34 | S758: 0 | T758: 7.125 | U758: 0 | V758: 0 | W758: 0 | X758: 0 | Y758: 3.375 | Z758: 0 | AA758: 0 | AB758: 0 | AC758: 0 | AD758: 0 | AE758: 0 | AF758: 0 | AG758: 0 | AH758: 0 | AI758: 907.04 | AJ758: 907.04
A759: INV2033 | B759: 1803 | C759: 1806 | D759: 1 | E759: 1806 | G759: 0 | H759: 191.125 | I759: 31.625 | J759: 149.48 | K759: 0 | L759: 0 | M759: 0 | N759: 0 | O759: 0 | P759: 3.125 | Q759: 0 | R759: 34 | S759: 0 | T759: 0 | U759: 0 | V759: 0 | W759: 0.375 | X759: 0 | Y759: 2.25 | Z759: 0 | AA759: 0 | AB759: 0 | AC759: 0 | AD759: 0 | AE759: 0 | AF759: 0 | AG759: 0 | AH759: 0 | AI759: 411.98 | AJ759: 411.98
A760: INV2036 | B760: 1803 | C760: 1806 | D760: 1 | E760: 1806 | G760: 0 | H760: 199.813 | I760: 31.625 | J760: 543.38 | K760: 0 | L760: 0 | M760: 0 | N760: 0.791667 | O760: 0 | P760: 3.125 | Q760: 0 | R760: 34 | S760: 0 | T760: 0 | U760: 0 | V760: 0 | W760: 0 | X760: 0 | Y760: 2.25 | Z760: 0 | AA760: 0 | AB760: 0 | AC760: 0 | AD760: 0 | AE760: 0 | AF760: 0 | AG760: 0 | AH760: 0 | AI760: 814.98 | AJ760: 814.98
A761: INV2037 | B761: 1803 | C761: 1806 | D761: 1 | E761: 1806 | G761: 0 | H761: 86.875 | I761: 332.063 | J761: 101 | K761: 6.5 | L761: 0 | M761: 0 | N761: 1.58333 | O761: 0.578125 | P761: 6.25 | Q761: 0 | R761: 68 | S761: 0 | T761: 0 | U761: 0 | V761: 0 | W761: 0 | X761: 3.25 | Y761: 5.625 | Z761: 0 | AA761: 1 | AB761: 0 | AC761: 0 | AD761: 0 | AE761: 0 | AF761: 0 | AG761: 0 | AH761: 0 | AI761: 612.72 | AJ761: 612.72
A762: INV2040 | B762: 1803 | C762: 1806 | D762: 1 | E762: 1806 | G762: 0 | H762: 0 | I762: 0 | J762: 0 | K762: 0 | L762: 0 | M762: 0 | N762: 0 | O762: 0 | P762: 0 | Q762: 0 | R762: 0 | S762: 0 | T762: 0 | U762: 0 | V762: 0 | W762: 0 | X762: 0 | Y762: 0 | Z762: 0 | AA762: 0 | AB762: 0 | AC762: 0 | AD762: 0 | AE762: 0 | AF762: 0 | AG762: 0 | AH762: 0 | AI762: 0 | AJ762: 0
A763: INV2041 | B763: 1803 | C763: 1806 | D763: 1 | E763: 1806 | G763: 0 | H763: 104.25 | I763: 31.625 | J763: 20.2 | K763: 6.5 | L763: 0 | M763: 0 | N763: 2.375 | O763: 0 | P763: 0 | Q763: 0 | R763: 34 | S763: 0 | T763: 7.125 | U763: 0 | V763: 0 | W763: 0.375 | X763: 4.875 | Y763: 6.75 | Z763: 0 | AA763: 1 | AB763: 0 | AC763: 0 | AD763: 0 | AE763: 0 | AF763: 0 | AG763: 0 | AH763: 0 | AI763: 219.08 | AJ763: 219.08
... A884: INV2108 | B884: 1806 | C884: 1806 | D884: 1 | E884: 1806 | G884: 0 | H884: 121.625 | I884: 63.25 | J884: 160.59 | K884: 0 | L884: 0 | M884: 0 | N884: 1.58333 | O884: 0 | P884: 3.125 | Q884: 0 | R884: 34 | S884: 0 | T884: 0 | U884: 0 | V884: 0 | W884: 0 | X884: 0 | Y884: 1.125 | Z884: 0 | AA884: 1 | AB884: 0 | AC884: 0 | AD884: 0 | AE884: 0 | AF884: 0 | AG884: 0 | AH884: 0 | AI884: 386.3 | AJ884: 386.3

Sheet Group 2
A1: inv | B1: date | C1: decade | D1: group | E1: vigade | F1: quinade | G1: slaves | H1: beesten | I1: paarden | J1: schapen | K1: ploeg | L1: koornharp | M1: schuijt | N1: emmers | O1: graaven | P1: geweer | Q1: brandewijnskeetels | R1: waagen | S1: aambeeld | T1: bankschroef | U1: balans | V1: tang | W1: stoven | X1: kadels | Y1: stoel | Z1: broek | AA1: strijkijsters | AB1: boeken | AC1: horlogie | AD1: snuijfdoos | AE1: schilderij | AF1: spiegel | AG1: vogelkooi | AH1: ring | AI1: total | AJ1: totalns
A2: INV0044 | B2: 1688 | C2: 1700 | D2: 2 | E2: 1700 | G2: 112.75 | H2: 104.25 | I2: 31.625 | J2: 555.5 | K2: 13 | L2: 0 | M2: 0 | N2: 0.791667 | O2: 1.15625 | P2: 3.125 | Q2: 0 | R2: 34 | S2: 0 | T2: 0 | U2: 0 | V2: 0.75 | W2: 0 | X2: 0 | Y2: 0 | Z2: 0 | AA2: 1 | AB2: 0 | AC2: 0 | AD2: 0 | AE2: 0 | AF2: 0 | AG2: 0 | AH2: 0 | AI2: 857.95 | AJ2: 745.2
A3: INV2446 | B3: 1689 | C3: 1700 | D3: 2 | E3: 1700 | G3: 112.75 | H3: 95.5625 | I3: 31.625 | J3: 202 | K3: 6.5 | L3: 0 | M3: 0 | N3: 0 | O3: 0 | P3: 0 | Q3: 0 | R3: 34 | S3: 0 | T3: 0 | U3: 0 | V3: 0 | W3: 0 | X3: 0 | Y3: 0 | Z3: 0 | AA3: 0 | AB3: 0 | AC3: 0 | AD3: 0 | AE3: 0 | AF3: 0 | AG3: 0 | AH3: 0 | AI3: 482.44 | AJ3: 369.69
A4: INV2447 | B4: 1689 | C4: 1700 | D4: 2 | E4: 1700 | G4: 112.75 | H4: 278 | I4: 47.4375 | J4: 101 | K4: 6.5 | L4: 0 | M4: 0 | N4: 0 | O4: 0 | P4: 0 | Q4: 0 | R4: 34 | S4: 0 | T4: 0 | U4: 0 | V4: 0 | W4: 0 | X4: 0 | Y4: 0 | Z4: 0 | AA4: 0 | AB4: 0 | AC4: 0 | AD4: 0 | AE4: 0 | AF4: 0 | AG4: 0 | AH4: 0 | AI4: 579.69 | AJ4: 466.94
A5: INV2453 | B5: 1690 | C5: 1700 | D5: 2 | E5: 1700 | G5: 225.5 | H5: 0 | I5: 0 | J5: 244.42 | K5: 0 | L5: 0 | M5: 0 | N5: 1.58333 | O5: 0 | P5: 3.125 | Q5: 0 | R5: 0 | S5: 0 | T5: 0 | U5: 0 | V5: 0 | W5: 0 | X5: 0 | Y5: 0 | Z5: 0 | AA5: 0 | AB5: 0 | AC5: 0 | AD5: 0 | AE5: 0 | AF5: 0 | AG5: 0 | AH5: 0 | AI5: 474.63 | AJ5: 249.13
A6: INV0034 | B6: 1692 | C6: 1700 | D6: 2 | E6: 1700 | G6: 225.5 | H6: 34.75 | I6: 15.8125 | J6: 0 | K6: 0 | L6: 0 | M6: 0 | N6: 2.375 | O6: 1.15625 | P6: 3.125 | Q6: 0 | R6: 34 | S6: 0 | T6: 0 | U6: 0 | V6: 1.5 | W6: 0.375 | X6: 1.625 | Y6: 11.25 | Z6: 0 | AA6: 0 | AB6: 0 | AC6: 0 | AD6: 0 | AE6: 1.125 | AF6: 0 | AG6: 0 | AH6: 0 | AI6: 332.59 | AJ6: 107.09
A7: INV0003 | B7: 1694 | C7: 1700 | D7: 2 | E7: 1700 | F7: 1697 | G7: 225.5 | H7: 364.875 | I7: 79.0625 | J7: 353.5 | K7: 0 | L7: 0 | M7: 0 | N7: 0 | O7: 0 | P7: 0 | Q7: 0 | R7: 0 | S7: 0 | T7: 0 | U7: 0 | V7: 0 | W7: 0 | X7: 0 | Y7: 0 | Z7: 0 | AA7: 0 | AB7: 0 | AC7: 0 | AD7: 0 | AE7: 0 | AF7: 0 | AG7: 0 | AH7: 0 | AI7: 1022.94 | AJ7: 797.44
A8: INV0004 | B8: 1695 | C8: 1700 | D8: 2 | E8: 1700 | F8: 1697 | G8: 451 | H8: 347.5 | I8: 47.4375 | J8: 60.6 | K8: 6.5 | L8: 0 | M8: 0 | N8: 0 | O8: 0 | P8: 0 | Q8: 0 | R8: 34 | S8: 0 | T8: 0 | U8: 0 | V8: 0 | W8: 0 | X8: 0 | Y8: 0 | Z8: 0 | AA8: 0 | AB8: 0 | AC8: 0 | AD8: 0 | AE8: 0 | AF8: 0 | AG8: 0 | AH8: 0 | AI8: 947.04 | AJ8: 496.04
A9: INV0005 | B9: 1695 | C9: 1700 | D9: 2 | E9: 1700 | F9: 1697 | G9: 112.75 | H9: 0 | I9: 0 | J9: 0 | K9: 0 | L9: 0 | M9: 0 | N9: 0 | O9: 0 | P9: 0 | Q9: 0 | R9: 0 | S9: 0 | T9: 0 | U9: 0 | V9: 1.5 | W9: 0 | X9: 6.5 | Y9: 13.5 | Z9: 0 | AA9: 2 | AB9: 0 | AC9: 12.125 | AD9: 0 | AE9: 5.625 | AF9: 42.75 | AG9: 0 | AH9: 0 | AI9: 196.75 | AJ9: 84
A10: INV0006 | B10: 1695 | C10: 1700 | D10: 2 | E10: 1700 | F10: 1697 | G10: 112.75 | H10: 0 | I10: 15.8125 | J10: 0 | K10: 0 | L10: 0 | M10: 0 | N10: 0 | O10: 0 | P10: 3.125 | Q10: 0 | R10: 0 | S10: 0 | T10: 0 | U10: 0 | V10: 0 | W10: 0 | X10: 0 | Y10: 0 | Z10: 0 | AA10: 0 | AB10: 0 | AC10: 0 | AD10: 0 | AE10: 0 | AF10: 0 | AG10: 0 | AH10: 0 | AI10: 131.69 | AJ10: 18.94
A11: INV0008 | B11: 1696 | C11: 1700 | D11: 2 | E11: 1700 | F11: 1697 | G11: 225.5 | H11: 69.5 | I11: 0 | J11: 0 | K11: 0 | L11: 0 | M11: 0 | N11: 0 | O11: 0.578125 | P11: 3.125 | Q11: 0 | R11: 0 | S11: 0 | T11: 0 | U11: 0 | V11: 0 | W11: 0 | X11: 1.625 | Y11: 2.25 | Z11: 0 | AA11: 0 | AB11: 0 | AC11: 0 | AD11: 0 | AE11: 0 | AF11: 0 | AG11: 0 | AH11: 0 | AI11: 302.58 | AJ11: 77.08
A12: INV0010 | B12: 1696 | C12: 1700 | D12: 2 | E12: 1700 | F12: 1697 | G12: 451 | H12: 1042.5 | I12: 79.0625 | J12: 252.5 | K12: 0 | L12: 0 | M12: 0 | N12: 0 | O12: 0 | P12: 0 | Q12: 0 | R12: 0 | S12: 0 | T12: 0 | U12: 0 | V12: 0 | W12: 0 | X12: 0 | Y12: 0 | Z12: 0 | AA12: 0 | AB12: 0 | AC12: 0 | AD12: 0 | AE12: 0 | AF12: 0 | AG12: 0 | AH12: 0 | AI12: 1825.06 | AJ12: 1374.06
A13: INV0014 | B13: 1696 | C13: 1700 | D13: 2 | E13: 1700 | F13: 1697 | G13: 225.5 | H13: 139 | I13: 47.4375 | J13: 0 | K13: 0 | L13: 0 | M13: 0 | N13: 0 | O13: 0 | P13: 0 | Q13: 0 | R13: 34 | S13: 0 | T13: 0 | U13: 0 | V13: 0 | W13: 0 | X13: 0 | Y13: 0 | Z13: 0 | AA13: 0 | AB13: 0 | AC13: 0 | AD13: 0 | AE13: 0 | AF13: 0 | AG13: 0 | AH13: 0 | AI13: 445.94 | AJ13: 220.44
A14: INV0018 | B14: 1696 | C14: 1700 | D14: 2 | E14: 1700 | F14: 1697 | G14: 112.75 | H14: 121.625 | I14: 15.8125 | J14: 0 | K14: 0 | L14: 0 | M14: 0 | N14: 0 | O14: 0 | P14: 0 | Q14: 0 | R14: 34 | S14: 0 | T14: 0 | U14: 0 | V14: 0 | W14: 0 | X14: 0 | Y14: 0 | Z14: 0 | AA14: 0 | AB14: 0 | AC14: 0 | AD14: 0 | AE14: 0 | AF14: 0 | AG14: 0 | AH14: 0 | AI14: 284.19 | AJ14: 171.44
A15: INV0021 | B15: 1697 | C15: 1700 | D15: 2 | E15: 1700 | F15: 1697 | G15: 225.5 | H15: 0 | I15: 0 | J15: 0 | K15: 0 | L15: 0 | M15: 0 | N15: 0 | O15: 0 | P15: 6.25 | Q15: 0 | R15: 0 | S15: 0 | T15: 0 | U15: 0 | V15: 1.5 | W15: 0.75 | X15: 3.25 | Y15: 9 | Z15: 0 | AA15: 3 | AB15: 0 | AC15: 0 | AD15: 0 | AE15: 1.125 | AF15: 2.25 | AG15: 0 | AH15: 0 | AI15: 252.63 | AJ15: 27.13
A16: INV0022 | B16: 1697 | C16: 1700 | D16: 2 | E16: 1700 | F16: 1697 | G16: 112.75 | H16: 278 | I16: 31.625 | J16: 202 | K16: 0 | L16: 0 | M16: 0 | N16: 0 | O16: 0 | P16: 0 | Q16: 0 | R16: 0 | S16: 0 | T16: 0 | U16: 0 | V16: 0 | W16: 0 | X16: 0 | Y16: 0 | Z16: 0 | AA16: 0 | AB16: 0 | AC16: 0 | AD16: 0 | AE16: 0 | AF16: 0 | AG16: 0 | AH16: 0 | AI16: 624.38 | AJ16: 511.63
A17: INV0030 | B17: 1698 | C17: 1700 | D17: 2 | E17: 1700 | F17: 1702 | G17: 112.75 | H17: 43.4375 | I17: 31.625 | J17: 151.5 | K17: 0 | L17: 0 | M17: 0 | N17: 1.58333 | O17: 0.578125 | P17: 0 | Q17: 0 | R17: 0 | S17: 0 | T17: 0 | U17: 2.375 | V17: 0.75 | W17: 0 | X17: 0 | Y17: 3.375 | Z17: 2.625 | AA17: 2 | AB17: 3.33333 | AC17: 12.125 | AD17: 0 | AE17: 4.5 | AF17: 2.25 | AG17: 1.25 | AH17: 0 | AI17: 376.06 | AJ17: 263.31
A18: INV0039 | B18: 1699 | C18: 1700 | D18: 2 | E18: 1700 | F18: 1702 | G18: 112.75 | H18: 130.313 | I18: 31.625 | J18: 0 | K18: 0 | L18: 0 | M18: 0 | N18: 0 | O18: 0 | P18: 0 | Q18: 0 | R18: 68 | S18: 0 | T18: 0 | U18: 0 | V18: 0 | W18: 0 | X18: 0 | Y18: 0 | Z18: 0 | AA18: 0 | AB18: 0 | AC18: 0 | AD18: 0 | AE18: 0 | AF18: 0 | AG18: 0 | AH18: 0 | AI18: 342.69 | AJ18: 229.94
... A803: INV2019 | B803: 1802 | C803: 1806 | D803: 2 | E803: 1806 | F803: 1802 | G803: 112.75 | H803: 625.5 | I803: 79.0625 | J803: 832.24 | K803: 0 | L803: 0 | M803: 0 | N803: 1.58333 | O803: 0 | P803: 12.5 | Q803: 0 | R803: 34 | S803: 0 | T803: 0 | U803: 0 | V803: 0 | W803: 0.75 | X803: 0 | Y803: 2.25 | Z803: 0 | AA803: 0 | AB803: 0 | AC803: 0 | AD803: 2.09375 | AE803: 0 | AF803: 2.25 | AG803: 0 | AH803: 0 | AI803: 1704.98 | AJ803: 1592.23
A804: INV1091 | B804: 1803 | C804: 1806 | D804: 2 | E804: 1806 | G804: 225.5 | H804: 0 | I804: 15.8125 | J804: 0 | K804: 0 | L804: 0 | M804: 0 | N804: 0 | O804: 0 | P804: 0 | Q804: 0 | R804: 0 | S804: 0 | T804: 0 | U804: 0 | V804: 0 | W804: 0 | X804: 3.25 | Y804: 0 | Z804: 0 | AA804: 1 | AB804: 3.33333 | AC804: 0 | AD804: 0 | AE804: 0 | AF804: 0 | AG804: 0 | AH804: 0 | AI804: 248.9 | AJ804: 23.4
A805: INV1096 | B805: 1803 | C805: 1806 | D805: 2 | E805: 1806 | G805: 338.25 | H805: 0 | I805: 0 | J805: 0 | K805: 0 | L805: 0 | M805: 0 | N805: 0 | O805: 0 | P805: 0 | Q805: 0 | R805: 0 | S805: 0 | T805: 0 | U805: 0 | V805: 0 | W805: 0 | X805: 0 | Y805: 0 | Z805: 15.75 | AA805: 0 | AB805: 0 | AC805: 0 | AD805: 0 | AE805: 0 | AF805: 0 | AG805: 0 | AH805: 0 | AI805: 354 | AJ805: 15.75
A806: INV1103 | B806: 1803 | C806: 1806 | D806: 2 | E806: 1806 | G806: 338.25 | H806: 278 | I806: 94.875 | J806: 242.4 | K806: 6.5 | L806: 0 | M806: 0 | N806: 1.58333 | O806: 1.15625 | P806: 3.125 | Q806: 0 | R806: 0 | S806: 0 | T806: 0 | U806: 0 | V806: 0 | W806: 0 | X806: 0 | Y806: 4.5 | Z806: 0 | AA806: 1 | AB806: 0 | AC806: 0 | AD806: 0 | AE806: 0 | AF806: 0 | AG806: 0 | AH806: 0 | AI806: 971.39 | AJ806: 633.14
A807: INV1113 | B807: 1803 | C807: 1806 | D807: 2 | E807: 1806 | G807: 338.25 | H807: 130.313 | I807: 15.8125 | J807: 46.46 | K807: 13 | L807: 0 | M807: 0 | N807: 3.16667 | O807: 1.15625 | P807: 9.375 | Q807: 0 | R807: 34 | S807: 15.375 | T807: 7.125 | U807: 0 | V807: 3 | W807: 0 | X807: 3.25 | Y807: 3.375 | Z807: 0 | AA807: 0 | AB807: 3.33333 | AC807: 12.125 | AD807: 2.09375 | AE807: 0 | AF807: 0 | AG807: 0 | AH807: 0 | AI807: 641.21 | AJ807: 302.96
A808: INV1120 | B808: 1803 | C808: 1806 | D808: 2 | E808: 1806 | G808: 225.5 | H808: 147.688 | I808: 110.688 | J808: 0 | K808: 6.5 | L808: 0 | M808: 0 | N808: 2.375 | O808: 1.73438 | P808: 3.125 | Q808: 0 | R808: 0 | S808: 0 | T808: 0 | U808: 0 | V808: 0 | W808: 0 | X808: 0 | Y808: 2.25 | Z808: 0 | AA808: 1 | AB808: 0 | AC808: 0 | AD808: 0 | AE808: 0 | AF808: 0 | AG808: 0 | AH808: 0 | AI808: 500.86 | AJ808: 275.36
A809: INV1158 | B809: 1803 | C809: 1806 | D809: 2 | E809: 1806 | G809: 112.75 | H809: 0 | I809: 0 | J809: 0 | K809: 0 | L809: 0 | M809: 0 | N809: 1.58333 | O809: 0 | P809: 0 | Q809: 0 | R809: 0 | S809: 0 | T809: 0 | U809: 2.375 | V809: 0 | W809: 1.125 | X809: 1.625 | Y809: 13.5 | Z809: 0 | AA809: 0 | AB809: 0.666667 | AC809: 24.25 | AD809: 0 | AE809: 2.25 | AF809: 4.5 | AG809: 0 | AH809: 0 | AI809: 164.63 | AJ809: 51.88
A810: INV1167 | B810: 1803 | C810: 1806 | D810: 2 | E810: 1806 | G810: 112.75 | H810: 0 | I810: 0 | J810: 0 | K810: 0 | L810: 0 | M810: 0 | N810: 0 | O810: 0 | P810: 0 | Q810: 0 | R810: 0 | S810: 0 | T810: 0 | U810: 2.375 | V810: 0.75 | W810: 0 | X810: 4.875 | Y810: 16.875 | Z810: 11.8125 | AA810: 0 | AB810: 0.666667 | AC810: 12.125 | AD810: 0 | AE810: 22.5 | AF810: 2.25 | AG810: 0 | AH810: 0 | AI810: 186.98 | AJ810: 74.23
A811: INV1353 | B811: 1803 | C811: 1806 | D811: 2 | E811: 1806 | G811: 112.75 | H811: 0 | I811: 0 | J811: 0 | K811: 0 | L811: 0 | M811: 0 | N811: 0 | O811: 0 | P811: 0 | Q811: 0 | R811: 0 | S811: 0 | T811: 0 | U811: 0 | V811: 0 | W811: 0 | X811: 0 | Y811: 0 | Z811: 0 | AA811: 0 | AB811: 0 | AC811: 0 | AD811: 0 | AE811: 7.875 | AF811: 0 | AG811: 0 | AH811: 0 | AI811: 120.63 | AJ811: 7.88
A812: INV2023 | B812: 1803 | C812: 1806 | D812: 2 | E812: 1806 | G812: 338.25 | H812: 573.375 | I812: 0 | J812: 794.87 | K812: 0 | L812: 0 | M812: 0 | N812: 1.58333 | O812: 0.578125 | P812: 6.25 | Q812: 0 | R812: 68 | S812: 0 | T812: 7.125 | U812: 0 | V812: 0 | W812: 0 | X812: 0 | Y812: 2.25 | Z812: 0 | AA812: 0 | AB812: 0 | AC812: 0 | AD812: 0 | AE812: 0 | AF812: 0 | AG812: 0 | AH812: 0 | AI812: 1792.28 | AJ812: 1454.03
A813: INV2024 | B813: 1803 | C813: 1806 | D813: 2 | E813: 1806 | G813: 451 | H813: 191.125 | I813: 521.813 | J813: 64.64 | K813: 6.5 | L813: 0 | M813: 0 | N813: 1.58333 | O813: 0 | P813: 3.125 | Q813: 0 | R813: 136 | S813: 0 | T813: 0 | U813: 0 | V813: 0 | W813: 0 | X813: 1.625 | Y813: 4.5 | Z813: 0 | AA813: 0 | AB813: 0 | AC813: 0 | AD813: 0 | AE813: 0 | AF813: 0 | AG813: 0 | AH813: 0 | AI813: 1381.91 | AJ813: 930.91
A814: INV2025 | B814: 1803 | C814: 1806 | D814: 2 | E814: 1806 | G814: 338.25 | H814: 512.563 | I814: 94.875 | J814: 181.8 | K814: 6.5 | L814: 0 | M814: 0 | N814: 1.58333 | O814: 1.15625 | P814: 3.125 | Q814: 0 | R814: 34 | S814: 0 | T814: 0 | U814: 0 | V814: 0 | W814: 0 | X814: 0 | Y814: 2.25 | Z814: 0 | AA814: 2 | AB814: 0 | AC814: 0 | AD814: 0 | AE814: 0 | AF814: 0 | AG814: 0 | AH814: 0 | AI814: 1178.1 | AJ814: 839.85
A815: INV2026 | B815: 1803 | C815: 1806 | D815: 2 | E815: 1806 | G815: 225.5 | H815: 182.438 | I815: 31.625 | J815: 525.2 | K815: 6.5 | L815: 0 | M815: 0 | N815: 1.58333 | O815: 1.15625 | P815: 0 | Q815: 0 | R815: 34 | S815: 0 | T815: 0 | U815: 0 | V815: 0 | W815: 0 | X815: 0 | Y815: 3.375 | Z815: 0 | AA815: 0 | AB815: 0 | AC815: 0 | AD815: 0 | AE815: 0 | AF815: 0 | AG815: 0 | AH815: 0 | AI815: 1011.38 | AJ815: 785.88
... A871: INV2111 | B871: 1806 | C871: 1806 | D871: 2 | E871: 1806 | G871: 338.25 | H871: 486.5 | I871: 189.75 | J871: 104.03 | K871: 0 | L871: 0 | M871: 0 | N871: 1.58333 | O871: 0 | P871: 3.125 | Q871: 0 | R871: 34 | S871: 0 | T871: 0 | U871: 0 | V871: 0 | W871: 0 | X871: 0 | Y871: 0 | Z871: 0 | AA871: 0 | AB871: 0 | AC871: 0 | AD871: 0 | AE871: 0 | AF871: 2.25 | AG871: 0 | AH871: 0 | AI871: 1159.49 | AJ871: 821.24

Sheet Group 3
A1: inv | B1: date | C1: decade | D1: group | E1: vigade | F1: quinade | G1: slaves | H1: beesten | I1: paarden | J1: schapen | K1: ploeg | L1: koornharp | M1: schuijt | N1: emmers | O1: graaven | P1: geweer | Q1: brandewijnskeetels | R1: waagen | S1: aambeeld | T1: bankschroef | U1: balans | V1: tang | W1: stoven | X1: kadels | Y1: stoel | Z1: broek | AA1: strijkijsters | AB1: boeken | AC1: horlogie | AD1: snuijfdoos | AE1: schilderij | AF1: spiegel | AG1: vogelkooi | AH1: ring | AI1: total | AJ1: totalns
A2: INV0012 | B2: 1685 | C2: 1700 | D2: 3 | E2: 1700 | G2: 1353 | H2: 608.125 | I2: 94.875 | J2: 429.25 | K2: 0 | L2: 0 | M2: 0 | N2: 1.58333 | O2: 0 | P2: 0 | Q2: 0 | R2: 0 | S2: 0 | T2: 0 | U2: 0 | V2: 1.5 | W2: 0 | X2: 3.25 | Y2: 22.5 | Z2: 0 | AA2: 0 | AB2: 3.33333 | AC2: 0 | AD2: 0 | AE2: 0 | AF2: 4.5 | AG2: 0 | AH2: 0 | AI2: 2521.92 | AJ2: 1168.92
A3: INV0064 | B3: 1693 | C3: 1700 | D3: 3 | E3: 1700 | F3: 1697 | G3: 1014.75 | H3: 1520.31 | I3: 0 | J3: 1717 | K3: 0 | L3: 0 | M3: 0 | N3: 0 | O3: 0 | P3: 0 | Q3: 0 | R3: 0 | S3: 0 | T3: 0 | U3: 0 | V3: 0 | W3: 0 | X3: 0 | Y3: 0 | Z3: 0 | AA3: 0 | AB3: 0 | AC3: 0 | AD3: 0 | AE3: 0 | AF3: 0 | AG3: 0 | AH3: 0 | AI3: 4252.06 | AJ3: 3237.31
A4: INV0075 | B4: 1693 | C4: 1700 | D4: 3 | E4: 1700 | F4: 1697 | G4: 563.75 | H4: 0 | I4: 0 | J4: 0 | K4: 0 | L4: 0 | M4: 0 | N4: 0 | O4: 0 | P4: 6.25 | Q4: 0 | R4: 0 | S4: 0 | T4: 0 | U4: 0 | V4: 0.75 | W4: 0 | X4: 0 | Y4: 11.25 | Z4: 0 | AA4: 3 | AB4: 0 | AC4: 0 | AD4: 0 | AE4: 0 | AF4: 2.25 | AG4: 0 | AH4: 12.25 | AI4: 599.5 | AJ4: 35.75
A5: INV0002 | B5: 1694 | C5: 1700 | D5: 3 | E5: 1700 | F5: 1697 | G5: 563.75 | H5: 86.875 | I5: 126.5 | J5: 303 | K5: 6.5 | L5: 0 | M5: 0 | N5: 3.16667 | O5: 2.3125 | P5: 9.375 | Q5: 0 | R5: 68 | S5: 0 | T5: 0 | U5: 0 | V5: 0.75 | W5: 0 | X5: 3.25 | Y5: 15.75 | Z5: 0 | AA5: 3 | AB5: 0 | AC5: 0 | AD5: 0 | AE5: 0 | AF5: 2.25 | AG5: 0 | AH5: 0 | AI5: 1194.48 | AJ5: 630.73
A6: INV0007 | B6: 1695 | C6: 1700 | D6: 3 | E6: 1700 | F6: 1697 | G6: 1014.75 | H6: 434.375 | I6: 47.4375 | J6: 606 | K6: 0 | L6: 0 | M6: 0 | N6: 0 | O6: 0 | P6: 0 | Q6: 0 | R6: 0 | S6: 0 | T6: 0 | U6: 0 | V6: 0 | W6: 0 | X6: 0 | Y6: 0 | Z6: 0 | AA6: 0 | AB6: 0 | AC6: 0 | AD6: 0 | AE6: 0 | AF6: 0 | AG6: 0 | AH6: 0 | AI6: 2102.56 | AJ6: 1087.81
A7: INV0017 | B7: 1696 | C7: 1700 | D7: 3 | E7: 1700 | F7: 1697 | G7: 563.75 | H7: 260.625 | I7: 47.4375 | J7: 151.5 | K7: 6.5 | L7: 0 | M7: 0 | N7: 0 | O7: 0 | P7: 0 | Q7: 0 | R7: 34 | S7: 0 | T7: 0 | U7: 0 | V7: 0 | W7: 0 | X7: 0 | Y7: 0 | Z7: 0 | AA7: 0 | AB7: 0 | AC7: 0 | AD7: 0 | AE7: 0 | AF7: 0 | AG7: 0 | AH7: 0 | AI7: 1063.81 | AJ7: 500.06
A8: INV0016 | B8: 1697 | C8: 1700 | D8: 3 | E8: 1700 | F8: 1697 | G8: 1014.75 | H8: 868.75 | I8: 31.625 | J8: 531.26 | K8: 13 | L8: 0 | M8: 0 | N8: 0 | O8: 0 | P8: 0 | Q8: 0 | R8: 136 | S8: 0 | T8: 0 | U8: 0 | V8: 0 | W8: 0 | X8: 3.25 | Y8: 11.25 | Z8: 0 | AA8: 0 | AB8: 6.66667 | AC8: 0 | AD8: 0 | AE8: 7.875 | AF8: 2.25 | AG8: 0 | AH8: 0 | AI8: 2626.68 | AJ8: 1611.93
A9: INV0027 | B9: 1698 | C9: 1700 | D9: 3 | E9: 1700 | F9: 1702 | G9: 563.75 | H9: 634.188 | I9: 63.25 | J9: 262.6 | K9: 6.5 | L9: 0 | M9: 0 | N9: 0 | O9: 0 | P9: 0 | Q9: 0 | R9: 68 | S9: 0 | T9: 0 | U9: 0 | V9: 0 | W9: 0 | X9: 0 | Y9: 0 | Z9: 0 | AA9: 0 | AB9: 0 | AC9: 0 | AD9: 0 | AE9: 0 | AF9: 0 | AG9: 0 | AH9: 0 | AI9: 1598.29 | AJ9: 1034.54
A10: INV0037 | B10: 1699 | C10: 1700 | D10: 3 | E10: 1700 | F10: 1702 | G10: 789.25 | H10: 781.875 | I10: 142.313 | J10: 626.2 | K10: 6.5 | L10: 0 | M10: 0 | N10: 0 | O10: 0 | P10: 0 | Q10: 0 | R10: 102 | S10: 0 | T10: 0 | U10: 0 | V10: 0 | W10: 0 | X10: 0 | Y10: 3.375 | Z10: 0 | AA10: 0 | AB10: 0 | AC10: 0 | AD10: 0 | AE10: 0 | AF10: 0 | AG10: 0 | AH10: 0 | AI10: 2451.51 | AJ10: 1662.26
A11: INV0041 | B11: 1699 | C11: 1700 | D11: 3 | E11: 1700 | F11: 1702 | G11: 1014.75 | H11: 521.25 | I11: 0 | J11: 707 | K11: 13 | L11: 0 | M11: 0 | N11: 5.54167 | O11: 2.89063 | P11: 0 | Q11: 0 | R11: 68 | S11: 0 | T11: 0 | U11: 0 | V11: 3 | W11: 1.5 | X11: 9.75 | Y11: 37.125 | Z11: 0 | AA11: 3 | AB11: 0 | AC11: 0 | AD11: 0 | AE11: 13.5 | AF11: 4.5 | AG11: 1.25 | AH11: 0 | AI11: 2406.06 | AJ11: 1391.31
A12: INV0045 | B12: 1700 | C12: 1700 | D12: 3 | E12: 1700 | F12: 1702 | G12: 1353 | H12: 2171.88 | I12: 63.25 | J12: 1818 | K12: 0 | L12: 0 | M12: 0 | N12: 0 | O12: 0 | P12: 0 | Q12: 0 | R12: 0 | S12: 0 | T12: 0 | U12: 0 | V12: 0 | W12: 0 | X12: 0 | Y12: 0 | Z12: 0 | AA12: 0 | AB12: 0 | AC12: 0 | AD12: 0 | AE12: 0 | AF12: 0 | AG12: 0 | AH12: 0 | AI12: 5406.13 | AJ12: 4053.13
A13: INV0057 | B13: 1701 | C13: 1710 | D13: 3 | E13: 1720 | F13: 1702 | G13: 563.75 | H13: 243.25 | I13: 0 | J13: 0 | K13: 0 | L13: 0 | M13: 0 | N13: 2.375 | O13: 0 | P13: 9.375 | Q13: 35.3125 | R13: 34 | S13: 0 | T13: 0 | U13: 2.375 | V13: 2.25 | W13: 0 | X13: 6.5 | Y13: 15.75 | Z13: 1.3125 | AA13: 2 | AB13: 20.6667 | AC13: 0 | AD13: 0 | AE13: 50.625 | AF13: 6.75 | AG13: 3.75 | AH13: 15.3125 | AI13: 1015.35 | AJ13: 451.6
A14: INV0060 | B14: 1701 | C14: 1710 | D14: 3 | E14: 1720 | F14: 1702 | G14: 563.75 | H14: 1581.13 | I14: 63.25 | J14: 1010 | K14: 0 | L14: 0 | M14: 0 | N14: 0 | O14: 0 | P14: 0 | Q14: 0 | R14: 0 | S14: 0 | T14: 0 | U14: 0 | V14: 0 | W14: 0 | X14: 0 | Y14: 0 | Z14: 0 | AA14: 0 | AB14: 0 | AC14: 0 | AD14: 0 | AE14: 0 | AF14: 0 | AG14: 0 | AH14: 0 | AI14: 3218.13 | AJ14: 2654.38
... A570: INV2569 | B570: 1802 | C570: 1806 | D570: 3 | E570: 1806 | F570: 1802 | G570: 1465.75 | H570: 26.0625 | I570: 31.625 | J570: 0 | K570: 0 | L570: 0 | M570: 0 | N570: 0 | O570: 0 | P570: 3.125 | Q570: 0 | R570: 34 | S570: 0 | T570: 0 | U570: 0 | V570: 0.75 | W570: 2.25 | X570: 4.875 | Y570: 61.875 | Z570: 0 | AA570: 0 | AB570: 0 | AC570: 36.375 | AD570: 0 | AE570: 70.875 | AF570: 11.25 | AG570: 0 | AH570: 0 | AI570: 1748.81 | AJ570: 283.06
A571: INV1102 | B571: 1803 | C571: 1806 | D571: 3 | E571: 1806 | G571: 789.25 | H571: 295.375 | I571: 237.188 | J571: 2.02 | K571: 19.5 | L571: 22.5625 | M571: 0 | N571: 1.58333 | O571: 1.73438 | P571: 3.125 | Q571: 0 | R571: 0 | S571: 0 | T571: 7.125 | U571: 0 | V571: 0 | W571: 0 | X571: 6.5 | Y571: 11.25 | Z571: 0 | AA571: 0 | AB571: 0 | AC571: 12.125 | AD571: 0 | AE571: 6.75 | AF571: 0 | AG571: 2.5 | AH571: 0 | AI571: 1418.59 | AJ571: 629.34
A572: INV1117 | B572: 1803 | C572: 1806 | D572: 3 | E572: 1806 | G572: 676.5 | H572: 104.25 | I572: 0 | J572: 0 | K572: 6.5 | L572: 0 | M572: 0 | N572: 0.791667 | O572: 0 | P572: 0 | Q572: 0 | R572: 0 | S572: 0 | T572: 0 | U572: 0 | V572: 0 | W572: 0 | X572: 3.25 | Y572: 6.75 | Z572: 0 | AA572: 0 | AB572: 3.33333 | AC572: 12.125 | AD572: 0 | AE572: 0 | AF572: 0 | AG572: 0 | AH572: 0 | AI572: 813.5 | AJ572: 137
A573: INV1146 | B573: 1803 | C573: 1806 | D573: 3 | E573: 1806 | G573: 789.25 | H573: 0 | I573: 0 | J573: 0 | K573: 0 | L573: 0 | M573: 0 | N573: 0 | O573: 0 | P573: 0 | Q573: 0 | R573: 0 | S573: 0 | T573: 0 | U573: 2.375 | V573: 0 | W573: 0 | X573: 0 | Y573: 9 | Z573: 0 | AA573: 1 | AB573: 0 | AC573: 0 | AD573: 2.09375 | AE573: 9 | AF573: 9 | AG573: 3.75 | AH573: 0 | AI573: 825.47 | AJ573: 36.22
A574: INV1156 | B574: 1803 | C574: 1806 | D574: 3 | E574: 1806 | G574: 789.25 | H574: 0 | I574: 0 | J574: 0 | K574: 0 | L574: 0 | M574: 0 | N574: 0 | O574: 0 | P574: 0 | Q574: 0 | R574: 0 | S574: 0 | T574: 0 | U574: 0 | V574: 0 | W574: 0 | X574: 0 | Y574: 13.5 | Z574: 2.625 | AA574: 0 | AB574: 1.33333 | AC574: 0 | AD574: 0 | AE574: 6.75 | AF574: 0 | AG574: 0 | AH574: 0 | AI574: 813.46 | AJ574: 24.21
A575: INV1157 | B575: 1803 | C575: 1806 | D575: 3 | E575: 1806 | G575: 902 | H575: 34.75 | I575: 0 | J575: 0 | K575: 0 | L575: 0 | M575: 0 | N575: 3.16667 | O575: 0 | P575: 0 | Q575: 0 | R575: 0 | S575: 0 | T575: 7.125 | U575: 9.5 | V575: 3 | W575: 0.375 | X575: 21.125 | Y575: 55.125 | Z575: 0 | AA575: 6 | AB575: 0 | AC575: 24.25 | AD575: 8.375 | AE575: 64.125 | AF575: 54 | AG575: 8.75 | AH575: 9.1875 | AI575: 1210.85 | AJ575: 308.85
A576: INV1202 | B576: 1803 | C576: 1806 | D576: 3 | E576: 1806 | G576: 902 | H576: 260.625 | I576: 474.375 | J576: 119.18 | K576: 19.5 | L576: 22.5625 | M576: 0 | N576: 3.95833 | O576: 2.3125 | P576: 3.125 | Q576: 0 | R576: 136 | S576: 0 | T576: 0 | U576: 0 | V576: 0 | W576: 0 | X576: 0 | Y576: 12.375 | Z576: 0 | AA576: 0 | AB576: 0 | AC576: 0 | AD576: 0 | AE576: 0 | AF576: 2.25 | AG576: 0 | AH576: 0 | AI576: 1958.26 | AJ576: 1056.26
A577: INV2034 | B577: 1803 | C577: 1806 | D577: 3 | E577: 1806 | G577: 789.25 | H577: 677.625 | I577: 395.313 | J577: 500.96 | K577: 13 | L577: 0 | M577: 30 | N577: 3.16667 | O577: 1.15625 | P577: 0 | Q577: 0 | R577: 68 | S577: 0 | T577: 0 | U577: 0 | V577: 0 | W577: 0.75 | X577: 4.875 | Y577: 9 | Z577: 0 | AA577: 1 | AB577: 0 | AC577: 0 | AD577: 0 | AE577: 0 | AF577: 0 | AG577: 0 | AH577: 0 | AI577: 2494.1 | AJ577: 1704.85
A578: INV2070 | B578: 1803 | C578: 1806 | D578: 3 | E578: 1806 | G578: 789.25 | H578: 981.688 | I578: 474.375 | J578: 1696.8 | K578: 13 | L578: 0 | M578: 0 | N578: 2.375 | O578: 2.3125 | P578: 15.625 | Q578: 0 | R578: 102 | S578: 0 | T578: 7.125 | U578: 2.375 | V578: 0.75 | W578: 0.75 | X578: 1.625 | Y578: 7.875 | Z578: 0 | AA578: 1 | AB578: 4.66667 | AC578: 12.125 | AD578: 0 | AE578: 0 | AF578: 0 | AG578: 0 | AH578: 0 | AI578: 4115.72 | AJ578: 3326.47
A579: INV2572 | B579: 1803 | C579: 1806 | D579: 3 | E579: 1806 | G579: 676.5 | H579: 0 | I579: 0 | J579: 0 | K579: 0 | L579: 0 | M579: 0 | N579: 0 | O579: 0 | P579: 0 | Q579: 0 | R579: 0 | S579: 0 | T579: 0 | U579: 0 | V579: 0 | W579: 0 | X579: 0 | Y579: 15.75 | Z579: 0 | AA579: 0 | AB579: 3.33333 | AC579: 24.25 | AD579: 2.09375 | AE579: 0 | AF579: 2.25 | AG579: 0 | AH579: 0 | AI579: 724.18 | AJ579: 47.68
A580: INV2576 | B580: 1803 | C580: 1806 | D580: 3 | E580: 1806 | G580: 1465.75 | H580: 0 | I580: 0 | J580: 0 | K580: 0 | L580: 0 | M580: 0 | N580: 0 | O580: 0 | P580: 0 | Q580: 0 | R580: 0 | S580: 0 | T580: 0 | U580: 0 | V580: 0 | W580: 0 | X580: 0 | Y580: 7.875 | Z580: 0 | AA580: 1 | AB580: 0 | AC580: 12.125 | AD580: 0 | AE580: 49.5 | AF580: 9 | AG580: 2.5 | AH580: 0 | AI580: 1547.75 | AJ580: 82
A581: INV1109 | B581: 1804 | C581: 1806 | D581: 3 | E581: 1806 | G581: 1014.75 | H581: 0 | I581: 0 | J581: 0 | K581: 13 | L581: 0 | M581: 0 | N581: 10.2917 | O581: 0 | P581: 3.125 | Q581: 0 | R581: 68 | S581: 0 | T581: 0 | U581: 2.375 | V581: 0 | W581: 1.125 | X581: 3.25 | Y581: 20.25 | Z581: 0 | AA581: 2 | AB581: 0 | AC581: 0 | AD581: 0 | AE581: 4.5 | AF581: 20.25 | AG581: 0 | AH581: 0 | AI581: 1162.92 | AJ581: 148.17
A582: INV1131 | B582: 1804 | C582: 1806 | D582: 3 | E582: 1806 | G582: 789.25 | H582: 0 | I582: 0 | J582: 0 | K582: 0 | L582: 0 | M582: 0 | N582: 11.0833 | O582: 4.04688 | P582: 6.25 | Q582: 35.3125 | R582: 34 | S582: 0 | T582: 0 | U582: 4.75 | V582: 0.75 | W582: 1.5 | X582: 3.25 | Y582: 28.125 | Z582: 14.4375 | AA582: 1 | AB582: 3.33333 | AC582: 24.25 | AD582: 4.1875 | AE582: 23.625 | AF582: 9 | AG582: 0 | AH582: 9.1875 | AI582: 1007.34 | AJ582: 218.09
... A611: INV2107 | B611: 1806 | C611: 1806 | D611: 3 | E611: 1806 | G611: 563.75 | H611: 973 | I611: 31.625 | J611: 162.61 | K611: 6.5 | L611: 0 | M611: 0 | N611: 4.75 | O611: 1.73438 | P611: 0 | Q611: 0 | R611: 34 | S611: 0 | T611: 0 | U611: 0 | V611: 0 | W611: 0.75 | X611: 4.875 | Y611: 1.125 | Z611: 0 | AA611: 1 | AB611: 0 | AC611: 0 | AD611: 0 | AE611: 0 | AF611: 0 | AG611: 0 | AH611: 0 | AI611: 1785.72 | AJ611: 1221.97

Sheet Group 4
A1: inv | B1: date | C1: decade | D1: group | E1: vigade | F1: quinade | G1: slaves | H1: beesten | I1: paarden | J1: schapen | K1: ploeg | L1: koornharp | M1: schuijt | N1: emmers | O1: graaven | P1: geweer | Q1: brandewijnskeetels | R1: waagen | S1: aambeeld | T1: bankschroef | U1: balans | V1: tang | W1: stoven | X1: kadels | Y1: stoel | Z1: broek | AA1: strijkijsters | AB1: boeken | AC1: horlogie | AD1: snuijfdoos | AE1: schilderij | AF1: spiegel | AG1: vogelkooi | AH1: ring | AI1: total | AJ1: totalns
A2: INV0013 | B2: 1696 | C2: 1700 | D2: 4 | E2: 1700 | F2: 1697 | G2: 2142.25 | H2: 608.125 | I2: 189.75 | J2: 303 | K2: 0 | L2: 0 | M2: 0 | N2: 0 | O2: 0 | P2: 0 | Q2: 0 | R2: 0 | S2: 0 | T2: 0 | U2: 0 | V2: 0 | W2: 0 | X2: 0 | Y2: 0 | Z2: 0 | AA2: 0 | AB2: 0 | AC2: 0 | AD2: 0 | AE2: 0 | AF2: 0 | AG2: 0 | AH2: 0 | AI2: 3243.13 | AJ2: 1100.88
A3: INV0028 | B3: 1698 | C3: 1700 | D3: 4 | E3: 1700 | F3: 1702 | G3: 2818.75 | H3: 868.75 | I3: 0 | J3: 262.6 | K3: 0 | L3: 0 | M3: 0 | N3: 0 | O3: 0 | P3: 0 | Q3: 0 | R3: 0 | S3: 0 | T3: 0 | U3: 0 | V3: 0 | W3: 0 | X3: 0 | Y3: 0 | Z3: 0 | AA3: 0 | AB3: 0 | AC3: 0 | AD3: 0 | AE3: 0 | AF3: 0 | AG3: 0 | AH3: 0 | AI3: 3950.1 | AJ3: 1131.35
A4: INV0033 | B4: 1699 | C4: 1700 | D4: 4 | E4: 1700 | F4: 1702 | G4: 2593.25 | H4: 1390 | I4: 253 | J4: 535.3 | K4: 0 | L4: 0 | M4: 0 | N4: 0 | O4: 0 | P4: 0 | Q4: 0 | R4: 0 | S4: 0 | T4: 0 | U4: 0 | V4: 0 | W4: 0 | X4: 0 | Y4: 0 | Z4: 0 | AA4: 0 | AB4: 0 | AC4: 0 | AD4: 0 | AE4: 0 | AF4: 0 | AG4: 0 | AH4: 0 | AI4: 4771.55 | AJ4: 2178.3
A5: INV0058 | B5: 1701 | C5: 1710 | D5: 4 | E5: 1720 | F5: 1702 | G5: 3157 | H5: 973 | I5: 47.4375 | J5: 191.9 | K5: 0 | L5: 0 | M5: 0 | N5: 2.375 | O5: 0 | P5: 0 | Q5: 35.3125 | R5: 136 | S5: 0 | T5: 0 | U5: 0 | V5: 0.75 | W5: 0 | X5: 3.25 | Y5: 37.125 | Z5: 0 | AA5: 1 | AB5: 3.33333 | AC5: 12.125 | AD5: 0 | AE5: 15.75 | AF5: 9 | AG5: 0 | AH5: 0 | AI5: 4625.36 | AJ5: 1468.36
A6: INV0063 | B6: 1701 | C6: 1710 | D6: 4 | E6: 1720 | F6: 1702 | G6: 2142.25 | H6: 2736.56 | I6: 205.563 | J6: 1433.19 | K6: 19.5 | L6: 0 | M6: 0 | N6: 11.875 | O6: 4.04688 | P6: 3.125 | Q6: 70.625 | R6: 170 | S6: 0 | T6: 0 | U6: 0 | V6: 3.75 | W6: 0 | X6: 6.5 | Y6: 49.5 | Z6: 1.3125 | AA6: 6 | AB6: 16.6667 | AC6: 12.125 | AD6: 2.09375 | AE6: 33.75 | AF6: 9 | AG6: 1.25 | AH6: 0 | AI6: 6938.68 | AJ6: 4796.43
A7: INV0069 | B7: 1703 | C7: 1710 | D7: 4 | E7: 1720 | F7: 1707 | G7: 2818.75 | H7: 1589.81 | I7: 158.125 | J7: 1107.97 | K7: 0 | L7: 0 | M7: 0 | N7: 1.58333 | O7: 0 | P7: 0 | Q7: 0 | R7: 0 | S7: 0 | T7: 0 | U7: 0 | V7: 0 | W7: 0 | X7: 3.25 | Y7: 50.625 | Z7: 0 | AA7: 4 | AB7: 2.66667 | AC7: 0 | AD7: 0 | AE7: 43.875 | AF7: 9 | AG7: 0 | AH7: 24.5 | AI7: 5814.16 | AJ7: 2995.41
A8: INV0080 | B8: 1705 | C8: 1710 | D8: 4 | E8: 1720 | F8: 1707 | G8: 2029.5 | H8: 781.875 | I8: 189.75 | J8: 1010 | K8: 0 | L8: 0 | M8: 0 | N8: 0 | O8: 0 | P8: 0 | Q8: 0 | R8: 0 | S8: 0 | T8: 0 | U8: 0 | V8: 0 | W8: 0 | X8: 0 | Y8: 0 | Z8: 0 | AA8: 0 | AB8: 0 | AC8: 0 | AD8: 0 | AE8: 0 | AF8: 0 | AG8: 0 | AH8: 0 | AI8: 4011.13 | AJ8: 1981.63
A9: INV0800 | B9: 1708 | C9: 1710 | D9: 4 | E9: 1720 | F9: 1712 | G9: 3382.5 | H9: 860.063 | I9: 158.125 | J9: 623.17 | K9: 6.5 | L9: 0 | M9: 0 | N9: 3.16667 | O9: 3.46875 | P9: 6.25 | Q9: 0 | R9: 68 | S9: 0 | T9: 0 | U9: 0 | V9: 0.75 | W9: 0 | X9: 3.25 | Y9: 0 | Z9: 0 | AA9: 0 | AB9: 0 | AC9: 0 | AD9: 0 | AE9: 0 | AF9: 6.75 | AG9: 0 | AH9: 0 | AI9: 5121.99 | AJ9: 1739.49
A10: INV0824 | B10: 1710 | C10: 1710 | D10: 4 | E10: 1720 | F10: 1712 | G10: 2367.75 | H10: 5203.81 | I10: 284.625 | J10: 5536.82 | K10: 22.75 | L10: 0 | M10: 0 | N10: 4.75 | O10: 4.625 | P10: 12.5 | Q10: 35.3125 | R10: 204 | S10: 15.375 | T10: 7.125 | U10: 0 | V10: 2.25 | W10: 0 | X10: 4.875 | Y10: 29.25 | Z10: 0 | AA10: 1 | AB10: 3.33333 | AC10: 12.125 | AD10: 0 | AE10: 37.125 | AF10: 4.5 | AG10: 0 | AH10: 0 | AI10: 13793.9 | AJ10: 11426.2
A11: INV0848 | B11: 1712 | C11: 1720 | D11: 4 | E11: 1720 | F11: 1712 | G11: 2706 | H11: 2067.63 | I11: 15.8125 | J11: 1972.53 | K11: 13 | L11: 22.5625 | M11: 0 | N11: 5.54167 | O11: 8.67188 | P11: 28.125 | Q11: 35.3125 | R11: 238 | S11: 15.375 | T11: 0 | U11: 4.75 | V11: 6 | W11: 0 | X11: 6.5 | Y11: 29.25 | Z11: 1.3125 | AA11: 2 | AB11: 18 | AC11: 12.125 | AD11: 0 | AE11: 49.5 | AF11: 4.5 | AG11: 0 | AH11: 0 | AI11: 7262.49 | AJ11: 4556.49
A12: INV1294 | B12: 1713 | C12: 1720 | D12: 4 | E12: 1720 | F12: 1717 | G12: 2593.25 | H12: 1581.13 | I12: 901.313 | J12: 2295.73 | K12: 19.5 | L12: 22.5625 | M12: 30 | N12: 13.4583 | O12: 8.09375 | P12: 31.25 | Q12: 0 | R12: 170 | S12: 0 | T12: 0 | U12: 0 | V12: 24.75 | W12: 0 | X12: 6.5 | Y12: 48.375 | Z12: 9.1875 | AA12: 3 | AB12: 3.33333 | AC12: 12.125 | AD12: 2.09375 | AE12: 29.25 | AF12: 11.25 | AG12: 3.75 | AH12: 18.375 | AI12: 7838.27 | AJ12: 5245.02
A13: INV0790 | B13: 1714 | C13: 1720 | D13: 4 | E13: 1720 | F13: 1717 | G13: 3946.25 | H13: 1390 | I13: 253 | J13: 2323 | K13: 19.5 | L13: 22.5625 | M13: 0 | N13: 6.33333 | O13: 3.46875 | P13: 15.625 | Q13: 0 | R13: 204 | S13: 0 | T13: 0 | U13: 0 | V13: 5.25 | W13: 0 | X13: 13 | Y13: 56.25 | Z13: 0 | AA13: 0 | AB13: 0 | AC13: 0 | AD13: 0 | AE13: 25.875 | AF13: 15.75 | AG13: 0 | AH13: 0 | AI13: 8299.86 | AJ13: 4353.61
... A202: INV2570 | B202: 1802 | C202: 1806 | D202: 4 | E202: 1806 | F202: 1802 | G202: 2480.5 | H202: 1042.5 | I202: 126.5 | J202: 382.79 | K202: 0 | L202: 0 | M202: 0 | N202: 4.75 | O202: 6.9375 | P202: 3.125 | Q202: 0 | R202: 0 | S202: 0 | T202: 0 | U202: 4.75 | V202: 1.5 | W202: 1.5 | X202: 3.25 | Y202: 40.5 | Z202: 0 | AA202: 3 | AB202: 3.33333 | AC202: 12.125 | AD202: 4.1875 | AE202: 11.25 | AF202: 13.5 | AG202: 1.25 | AH202: 0 | AI202: 4147.25 | AJ202: 1666.75
A203: INV2574 | B203: 1803 | C203: 1806 | D203: 4 | E203: 1806 | G203: 1804 | H203: 0 | I203: 0 | J203: 0 | K203: 0 | L203: 0 | M203: 0 | N203: 3.95833 | O203: 0 | P203: 0 | Q203: 35.3125 | R203: 0 | S203: 0 | T203: 0 | U203: 0 | V203: 0.75 | W203: 1.5 | X203: 6.5 | Y203: 27 | Z203: 0 | AA203: 0 | AB203: 0 | AC203: 12.125 | AD203: 0 | AE203: 22.5 | AF203: 11.25 | AG203: 0 | AH203: 0 | AI203: 1924.9 | AJ203: 120.9
A204: INV2575 | B204: 1803 | C204: 1806 | D204: 4 | E204: 1806 | G204: 3608 | H204: 260.625 | I204: 284.625 | J204: 81.81 | K204: 32.5 | L204: 22.5625 | M204: 0 | N204: 9.5 | O204: 5.78125 | P204: 0 | Q204: 35.3125 | R204: 170 | S204: 15.375 | T204: 7.125 | U204: 2.375 | V204: 0.75 | W204: 3 | X204: 8.125 | Y204: 54 | Z204: 0 | AA204: 0 | AB204: 1.33333 | AC204: 12.125 | AD204: 2.09375 | AE204: 9 | AF204: 11.25 | AG204: 0 | AH204: 0 | AI204: 4637.27 | AJ204: 1029.27
A205: INV1111 | B205: 1804 | C205: 1806 | D205: 4 | E205: 1806 | G205: 2142.25 | H205: 0 | I205: 0 | J205: 0 | K205: 0 | L205: 0 | M205: 0 | N205: 4.75 | O205: 7.51563 | P205: 3.125 | Q205: 0 | R205: 0 | S205: 0 | T205: 0 | U205: 4.75 | V205: 0 | W205: 1.875 | X205: 3.25 | Y205: 60.75 | Z205: 9.1875 | AA205: 2 | AB205: 0.666667 | AC205: 24.25 | AD205: 12.5625 | AE205: 38.25 | AF205: 36 | AG205: 2.5 | AH205: 0 | AI205: 2353.68 | AJ205: 211.43
A206: INV1123 | B206: 1804 | C206: 1806 | D206: 4 | E206: 1806 | G206: 3495.25 | H206: 0 | I206: 0 | J206: 0 | K206: 0 | L206: 0 | M206: 0 | N206: 0 | O206: 0 | P206: 12.5 | Q206: 0 | R206: 136 | S206: 0 | T206: 0 | U206: 0 | V206: 0.75 | W206: 2.625 | X206: 4.875 | Y206: 91.125 | Z206: 0 | AA206: 0 | AB206: 1.33333 | AC206: 24.25 | AD206: 4.1875 | AE206: 51.75 | AF206: 31.5 | AG206: 0 | AH206: 134.75 | AI206: 3990.9 | AJ206: 495.65
A207: INV1133 | B207: 1804 | C207: 1806 | D207: 4 | E207: 1806 | G207: 4622.75 | H207: 0 | I207: 0 | J207: 0 | K207: 0 | L207: 0 | M207: 0 | N207: 3.95833 | O207: 0.578125 | P207: 0 | Q207: 0 | R207: 136 | S207: 0 | T207: 0 | U207: 0 | V207: 1.5 | W207: 0 | X207: 4.875 | Y207: 73.125 | Z207: 187.688 | AA207: 7 | AB207: 9.33333 | AC207: 36.375 | AD207: 16.75 | AE207: 37.125 | AF207: 38.25 | AG207: 0 | AH207: 15.3125 | AI207: 5190.62 | AJ207: 567.87
A208: INV2050 | B208: 1804 | C208: 1806 | D208: 4 | E208: 1806 | G208: 2142.25 | H208: 243.25 | I208: 853.875 | J208: 340.37 | K208: 32.5 | L208: 22.5625 | M208: 0 | N208: 1.58333 | O208: 3.46875 | P208: 6.25 | Q208: 0 | R208: 170 | S208: 0 | T208: 0 | U208: 0 | V208: 0.75 | W208: 1.875 | X208: 6.5 | Y208: 31.5 | Z208: 0 | AA208: 2 | AB208: 0 | AC208: 0 | AD208: 0 | AE208: 4.5 | AF208: 6.75 | AG208: 0 | AH208: 0 | AI208: 3869.98 | AJ208: 1727.73
A209: INV2339 | B209: 1804 | C209: 1806 | D209: 4 | E209: 1806 | G209: 4622.75 | H209: 0 | I209: 0 | J209: 0 | K209: 0 | L209: 0 | M209: 0 | N209: 0 | O209: 0 | P209: 0 | Q209: 0 | R209: 102 | S209: 0 | T209: 0 | U209: 0 | V209: 0.75 | W209: 2.625 | X209: 4.875 | Y209: 115.875 | Z209: 0 | AA209: 0 | AB209: 0 | AC209: 24.25 | AD209: 4.1875 | AE209: 47.25 | AF209: 31.5 | AG209: 0 | AH209: 134.75 | AI209: 5090.81 | AJ209: 468.06
A210: INV1153 | B210: 1805 | C210: 1806 | D210: 4 | E210: 1806 | G210: 2029.5 | H210: 312.75 | I210: 585.063 | J210: 267.65 | K210: 22.75 | L210: 0 | M210: 0 | N210: 5.54167 | O210: 6.9375 | P210: 6.25 | Q210: 35.3125 | R210: 0 | S210: 0 | T210: 0 | U210: 2.375 | V210: 0 | W210: 1.5 | X210: 1.625 | Y210: 31.5 | Z210: 0 | AA210: 0 | AB210: 0 | AC210: 12.125 | AD210: 0 | AE210: 7.875 | AF210: 4.5 | AG210: 0 | AH210: 0 | AI210: 3333.25 | AJ210: 1303.75
A211: INV1192 | B211: 1805 | C211: 1806 | D211: 4 | E211: 1806 | G211: 2029.5 | H211: 0 | I211: 110.688 | J211: 0 | K211: 0 | L211: 0 | M211: 0 | N211: 3.16667 | O211: 0 | P211: 6.25 | Q211: 0 | R211: 34 | S211: 0 | T211: 0 | U211: 2.375 | V211: 0 | W211: 0 | X211: 1.625 | Y211: 19.125 | Z211: 0 | AA211: 0 | AB211: 3.33333 | AC211: 24.25 | AD211: 0 | AE211: 0 | AF211: 13.5 | AG211: 0 | AH211: 0 | AI211: 2247.81 | AJ211: 218.31
A212: INV1214 | B212: 1805 | C212: 1806 | D212: 4 | E212: 1806 | G212: 2367.75 | H212: 278 | I212: 411.125 | J212: 318.15 | K212: 19.5 | L212: 22.5625 | M212: 0 | N212: 4.75 | O212: 3.46875 | P212: 0 | Q212: 35.3125 | R212: 136 | S212: 15.375 | T212: 0 | U212: 0 | V212: 0.75 | W212: 0.75 | X212: 4.875 | Y212: 10.125 | Z212: 0 | AA212: 1 | AB212: 2.66667 | AC212: 12.125 | AD212: 0 | AE212: 0 | AF212: 0 | AG212: 0 | AH212: 0 | AI212: 3644.29 | AJ212: 1276.54
A213: INV2101 | B213: 1805 | C213: 1806 | D213: 4 | E213: 1806 | G213: 3269.75 | H213: 1129.38 | I213: 316.25 | J213: 0 | K213: 19.5 | L213: 22.5625 | M213: 0 | N213: 2.375 | O213: 4.04688 | P213: 0 | Q213: 0 | R213: 170 | S213: 15.375 | T213: 0 | U213: 0 | V213: 3.75 | W213: 0 | X213: 3.25 | Y213: 20.25 | Z213: 0 | AA213: 0 | AB213: 0 | AC213: 0 | AD213: 0 | AE213: 0 | AF213: 0 | AG213: 0 | AH213: 0 | AI213: 4976.48 | AJ213: 1706.73
A214: INV1238 | B214: 1806 | C214: 1806 | D214: 4 | E214: 1806 | G214: 2931.5 | H214: 695 | I214: 648.313 | J214: 397.94 | K214: 32.5 | L214: 22.5625 | M214: 0 | N214: 1.58333 | O214: 3.46875 | P214: 0 | Q214: 0 | R214: 170 | S214: 15.375 | T214: 0 | U214: 2.375 | V214: 7.5 | W214: 0.75 | X214: 1.625 | Y214: 41.625 | Z214: 10.5 | AA214: 3 | AB214: 0 | AC214: 72.75 | AD214: 0 | AE214: 14.625 | AF214: 22.5 | AG214: 3.75 | AH214: 42.875 | AI214: 5142.12 | AJ214: 2210.62
A215: INV2338 | B215: 1806 | C215: 1806 | D215: 4 | E215: 1806 | G215: 2706 | H215: 0 | I215: 0 | J215: 0 | K215: 0 | L215: 0 | M215: 0 | N215: 0 | O215: 0 | P215: 0 | Q215: 0 | R215: 0 | S215: 0 | T215: 0 | U215: 0 | V215: 0 | W215: 0 | X215: 0 | Y215: 0 | Z215: 0 | AA215: 0 | AB215: 0 | AC215: 0 | AD215: 0 | AE215: 0 | AF215: 0 | AG215: 0 | AH215: 0 | AI215: 2706 | AJ215: 0

Sheet Descriptives
A1: group | B1: slaves | C1: beesten | D1: paarden | E1: schapen | F1: ploeg | G1: koornh~p | H1: schuijt | I1: emmers | J1: graaven | K1: geweer | L1: brande~s | M1: waagen | N1: aambeeld | O1: banksc~f | P1: balans | Q1: tang | R1: stoven | S1: kadels | T1: stoel | U1: broek | V1: strijk~s | W1: boeken | X1: horlogie | Y1: snuijf~s | Z1: schild~j | AA1: spiegel | AB1: vogelk~i | AC1: ring | AD1: total | AE1: totalns
A2: 1 | B2: 0 | C2: 292.1774 | D2: 35.86913 | E2: 192.3449 | F2: 1.10051 | G2: 0.0766563 | H2: 0.2718007 | I2: 0.8499434 | J2: 0.226536 | K2: 2.137599 | L2: 1.079771 | M2: 17.17327 | N2: 0.2611835 | O2: 0.3146942 | P2: 0.158692 | Q2: 0.1885617 | R2: 0.0743205 | S2: 0.8134202 | T2: 2.985136 | U2: 2.069083 | V2: 0.2536806 | W2: 1.267648 | X2: 1.97735 | Y2: 0.2655719 | Z2: 1.321206 | AA2: 1.32248 | AB2: 0.1203284 | AC2: 0.4231314 | AD2: 557.1246 | AE2: 557.1246
A3: 1 | B3: 0 | C3: 0 | D3: 0 | E3: 0 | F3: 0 | G3: 0 | H3: 0 | I3: 0 | J3: 0 | K3: 0 | L3: 0 | M3: 0 | N3: 0 | O3: 0 | P3: 0 | Q3: 0 | R3: 0 | S3: 0 | T3: 0 | U3: 0 | V3: 0 | W3: 0 | X3: 0 | Y3: 0 | Z3: 0 | AA3: 0 | AB3: 0 | AC3: 0 | AD3: 119.48 | AE3: 119.48
A4: 2 | B4: 241.9589 | C4: 399.7748 | D4: 65.83089 | E4: 307.4301 | F4: 2.487931 | G4: 0.3371408 | H4: 0.6206897 | I4: 1.740757 | J4: 0.5907507 | K4: 3.27227 | L4: 3.044181 | M4: 26.73103 | N4: 0.300431 | O4: 0.5732759 | P4: 0.6824713 | Q4: 0.4844828 | R4: 0.2280172 | S4: 1.882759 | T4: 8.423276 | U4: 0.9971983 | V4: 0.7218391 | W4: 1.17318 | X4: 2.452874 | Y4: 0.825467 | Z4: 3.488793 | AA4: 2.557759 | AB4: 0.3951149 | AC4: 0.8729885 | AD4: 1079.88 | AE4: 837.9208
A5: 2 | B5: 225.5 | C5: 86.875 | D5: 15.8125 | E5: 0 | F5: 0 | G5: 0 | H5: 0 | I5: 1.583333 | J5: 0 | K5: 0 | L5: 0 | M5: 34 | N5: 0 | O5: 0 | P5: 0 | Q5: 0 | R5: 0 | S5: 1.625 | T5: 5.625 | U5: 0 | V5: 0 | W5: 0 | X5: 0 | Y5: 0 | Z5: 0 | AA5: 0 | AB5: 0 | AC5: 0 | AD5: 554.78 | AE5: 277.995
A6: 3 | B6: 953.1996 | C6: 678.2232 | D6: 138.2686 | E6: 525.8226 | F6: 6.228279 | G6: 2.996004 | H6: 0.6885246 | I6: 3.130328 | J6: 2.163704 | K6: 4.293033 | L6: 10.01486 | M6: 60.3082 | N6: 0.8569672 | O6: 0.9110656 | P6: 1.635246 | Q6: 0.8311475 | R6: 0.5329918 | S6: 3.172746 | T6: 16.94324 | U6: 0.8391393 | V6: 1.429508 | W6: 2.20765 | X6: 4.889754 | Y6: 6.106199 | Z6: 7.780943 | AA6: 6.10082 | AB6: 0.8381148 | AC6: 1.450922 | AD6: 2441.864 | AE6: 1488.664
A7: 3 | B7: 902 | C7: 343.1563 | D7: 94.875 | E7: 198.97 | F7: 6.5 | G7: 0 | H7: 0 | I7: 2.375 | J7: 0.578125 | K7: 3.125 | L7: 0 | M7: 68 | N7: 0 | O7: 0 | P7: 0 | Q7: 0.75 | R7: 0 | S7: 3.25 | T7: 13.5 | U7: 0 | V7: 1 | W7: 0 | X7: 0 | Y7: 0 | Z7: 0 | AA7: 2.25 | AB7: 0 | AC7: 0 | AD7: 1961.855 | AE7: 1017.23
A8: 4 | B8: 2981.026 | C8: 937.0321 | D8: 381.9384 | E8: 711.7479 | F8: 15.79439 | G8: 12.33557 | H8: 3.084112 | I8: 6.76616 | J8: 4.460207 | K8: 9.039136 | L8: 21.78154 | M8: 142.514 | N8: 4.598131 | O8: 2.530374 | P8: 3.26285 | Q8: 1.745327 | R8: 1.214369 | S8: 4.882593 | T8: 40.34755 | U8: 2.980724 | V8: 2.341121 | W8: 16.47352 | X8: 11.89836 | Y8: 3.385222 | Z8: 19.5035 | AA8: 12.67991 | AB8: 1.366822 | AC8: 4.636682 | AD8: 5361.367 | AE8: 2380.341
A9: 4 | B9: 2480.5 | C9: 547.3125 | D9: 284.625 | E9: 305.525 | F9: 13 | G9: 0 | H9: 0 | I9: 5.541667 | J9: 2.890625 | K9: 6.25 | L9: 0 | M9: 136 | N9: 0 | O9: 0 | P9: 2.375 | Q9: 0.75 | R9: 0.5625 | S9: 4.875 | T9: 33.75 | U9: 0 | V9: 2 | W9: 0 | X9: 12.125 | Y9: 0 | Z9: 11.25 | AA9: 9 | AB9: 0 | AC9: 0 | AD9: 4387.375 | AE9: 1644.485
A10: Total | B10: 554.8683 | C10: 473.4334 | D10: 98.96158 | E10: 353.2676 | F10: 4.00291 | G10: 1.873642 | H10: 0.7217695 | I10: 2.181768 | J10: 1.159615 | K10: 3.603997 | L10: 5.5771 | M10: 41.01901 | N10: 0.7756112 | O10: 0.7271537 | P10: 0.9428114 | Q10: 0.5698487 | R10: 0.3294529 | S10: 2.070819 | T10: 11.22774 | U10: 1.491778 | V10: 0.8634071 | W10: 2.720993 | X10: 3.651145 | Y10: 2.096187 | Z10: 5.091967 | AA10: 3.813737 | AB10: 0.4865153 | AC10: 1.168195 | AD10: 1578.698 | AE10: 1023.83
A11: Total | B11: 225.5 | C11: 130.3125 | D11: 31.625 | E11: 0 | F11: 0 | G11: 0 | H11: 0 | I11: 1.583333 | J11: 0 | K11: 0 | L11: 0 | M11: 34 | N11: 0 | O11: 0 | P11: 0 | Q11: 0 | R11: 0 | S11: 1.625 | T11: 4.5 | U11: 0 | V11: 0 | W11: 0 | X11: 0 | Y11: 0 | Z11: 0 | AA11: 0 | AB11: 0 | AC11: 0 | AD11: 818.04 | AE11: 399.19
B13: Count | D13: Mean | E13: Group 1 | F13: Group 2 | G13: Group 3 | H13: Group 4 | I13: All | K13: Median | L13: 1 | M13: 2 | N13: 3 | O13: 4 | P13: Total
A14: 1 | D14: N | E14: 883 | F14: 870 | G14: 610 | H14: 214 | I14: 2577 | K14: slaves | L14: 0 | M14: 225.5 | N14: 902 | O14: 2480.5 | P14: 225.5
A15: 2 | D15: Slaves | E15: 0 | F15: 241.9589 | G15: 953.1996 | H15: 2981.026 | I15: 554.8683 | K15: beesten | L15: 0 | M15: 86.875 | N15: 343.1563 | O15: 547.3125 | P15: 130.3125
A16: 3 | D16: Cattle | E16: 292.1774 | F16: 399.7748 | G16: 678.2232 | H16: 937.0321 | I16: 473.4334 | K16: paarden | L16: 0 | M16: 15.8125 | N16: 94.875 | O16: 284.625 | P16: 31.625
A17: 4 | D17: Horses | E17: 35.86913 | F17: 65.83089 | G17: 138.2686 | H17: 381.9384 | I17: 98.96158 | K17: schapen | L17: 0 | M17: 0 | N17: 198.97 | O17: 305.525 | P17: 0
A18: Total | D18: Sheep | E18: 192.3449 | F18: 307.4301 | G18: 525.8226 | H18: 711.7479 | I18: 353.2676 | K18: ploeg | L18: 0 | M18: 0 | N18: 6.5 | O18: 13 | P18: 0
D19: Ploughs | E19: 1.10051 | F19: 2.487931 | G19: 6.228279 | H19: 15.79439 | I19: 4.00291 | K19: koornh~p | L19: 0 | M19: 0 | N19: 0 | O19: 0 | P19: 0
D20: Corn sieves | E20: 0.0766563 | F20: 0.3371408 | G20: 2.996004 | H20: 12.33557 | I20: 1.873642 | K20: schuijt | L20: 0 | M20: 0 | N20: 0 | O20: 0 | P20: 0
D21: Boats | E21: 0.2718007 | F21: 0.6206897 | G21: 0.6885246 | H21: 3.084112 | I21: 0.7217695 | K21: emmers | L21: 0 | M21: 1.583333 | N21: 2.375 | O21: 5.541667 | P21: 1.583333
D22: Buckets | E22: 0.8499434 | F22: 1.740757 | G22: 3.130328 | H22: 6.76616 | I22: 2.181768 | K22: graaven | L22: 0 | M22: 0 | N22: 0.578125 | O22: 2.890625 | P22: 0
D23: Spades | E23: 0.226536 | F23: 0.5907507 | G23: 2.163704 | H23: 4.460207 | I23: 1.159615 | K23: geweer | L23: 0 | M23: 0 | N23: 3.125 | O23: 6.25 | P23: 0
D24: Guns | E24: 2.137599 | F24: 3.27227 | G24: 4.293033 | H24: 9.039136 | I24: 3.603997 | K24: brande~s | L24: 0 | M24: 0 | N24: 0 | O24: 0 | P24: 0
D25: Brandy stills | E25: 1.079771 | F25: 3.044181 | G25: 10.01486 | H25: 21.78154 | I25: 5.5771 | K25: waagen | L25: 0 | M25: 34 | N25: 68 | O25: 136 | P25: 34
D26: Wagons | E26: 17.17327 | F26: 26.73103 | G26: 60.3082 | H26: 142.514 | I26: 41.01901 | K26: aambeeld | L26: 0 | M26: 0 | N26: 0 | O26: 0 | P26: 0
D27: Anvil | E27: 0.2611835 | F27: 0.300431 | G27: 0.8569672 | H27: 4.598131 | I27: 0.7756112 | K27: banksc~f | L27: 0 | M27: 0 | N27: 0 | O27: 0 | P27: 0
D28: Bench vice | E28: 0.3146942 | F28: 0.5732759 | G28: 0.9110656 | H28: 2.530374 | I28: 0.7271537 | K28: balans | L28: 0 | M28: 0 | N28: 0 | O28: 2.375 | P28: 0
D29: Balance | E29: 0.158692 | F29: 0.6824713 | G29: 1.635246 | H29: 3.26285 | I29: 0.9428114 | K29: tang | L29: 0 | M29: 0 | N29: 0.75 | O29: 0.75 | P29: 0
D30: Fire-tong | E30: 0.1885617 | F30: 0.4844828 | G30: 0.8311475 | H30: 1.745327 | I30: 0.5698487 | K30: stoven | L30: 0 | M30: 0 | N30: 0 | O30: 0.5625 | P30: 0
... D43: Total | E43: 557.1246 | F43: 1079.88 | G43: 2441.864 | H43: 5361.367 | I43: 1578.698 | K43: totalns | L43: 119.48 | M43: 277.995 | N43: 1017.23 | O43: 1644.485 | P43: 399.19
D44: Total (no slaves) | E44: 557.1246 | F44: 837.9208 | G44: 1488.664 | H44: 2380.341 | I44: 1023.83
E45: =E43-E44 -> 0 | F45: =F43-F44 -> 241.9592 | G45: =G43-G44 -> 953.2 | H45: =H43-H44 -> 2981.026 | I45: =I43-I44 -> 554.868
D46: Prop slaves | E46: =E45/E43 -> 0 | F46: =F45/F43 -> 0.22406119 | G46: =G45/G43 -> 0.39035753 | H46: =H45/H43 -> 0.55601976 | I46: =I45/I43 -> 0.35147191

Sheet Proportions
B1: 1 | C1: 2 | D1: 3 | E1: 4 | F1: all | I1: Group 1 | J1: Group 2 | K1: Group 3 | L1: Group 4
A2: 1700 | B2: 39 | C2: 18 | D2: 11 | E2: 3 | F2: =SUM(B2:E2) -> 71 | H2: 1700 | I2: =B2/$F2 -> 0.54929577 | J2: =C2/$F2 -> 0.25352113 | K2: =D2/$F2 -> 0.15492958 | L2: =E2/$F2 -> 0.042253521
A3: 1710 | B3: 24 | C3: 31 | D3: 16 | E3: 6 | F3: =SUM(B3:E3) -> 77 | H3: 1710 | I3: =B3/$F3 -> 0.31168831 | J3: =C3/$F3 -> 0.4025974 | K3: =D3/$F3 -> 0.20779221 | L3: =E3/$F3 -> 0.077922078
A4: 1720 | B4: 62 | C4: 75 | D4: 52 | E4: 9 | F4: =SUM(B4:E4) -> 198 | H4: 1720 | I4: =B4/$F4 -> 0.31313131 | J4: =C4/$F4 -> 0.37878788 | K4: =D4/$F4 -> 0.26262626 | L4: =E4/$F4 -> 0.045454545
A5: 1730 | B5: 33 | C5: 57 | D5: 38 | E5: 7 | F5: =SUM(B5:E5) -> 135 | H5: 1730 | I5: =B5/$F5 -> 0.24444444 | J5: =C5/$F5 -> 0.42222222 | K5: =D5/$F5 -> 0.28148148 | L5: =E5/$F5 -> 0.051851852
A6: 1740 | B6: 33 | C6: 56 | D6: 52 | E6: 16 | F6: =SUM(B6:E6) -> 157 | H6: 1740 | I6: =B6/$F6 -> 0.21019108 | J6: =C6/$F6 -> 0.3566879 | K6: =D6/$F6 -> 0.33121019 | L6: =E6/$F6 -> 0.10191083
A7: 1750 | B7: 27 | C7: 41 | D7: 39 | E7: 15 | F7: =SUM(B7:E7) -> 122 | H7: 1750 | I7: =B7/$F7 -> 0.22131148 | J7: =C7/$F7 -> 0.33606557 | K7: =D7/$F7 -> 0.31967213 | L7: =E7/$F7 -> 0.12295082
A8: 1760 | B8: 29 | C8: 73 | D8: 39 | E8: 16 | F8: =SUM(B8:E8) -> 157 | H8: 1760 | I8: =B8/$F8 -> 0.18471338 | J8: =C8/$F8 -> 0.46496815 | K8: =D8/$F8 -> 0.24840764 | L8: =E8/$F8 -> 0.10191083
A9: 1770 | B9: 74 | C9: 92 | D9: 65 | E9: 14 | F9: =SUM(B9:E9) -> 245 | H9: 1770 | I9: =B9/$F9 -> 0.30204082 | J9: =C9/$F9 -> 0.3755102 | K9: =D9/$F9 -> 0.26530612 | L9: =E9/$F9 -> 0.057142857
A10: 1780 | B10: 105 | C10: 93 | D10: 61 | E10: 31 | F10: =SUM(B10:E10) -> 290 | H10: 1780 | I10: =B10/$F10 -> 0.36206897 | J10: =C10/$F10 -> 0.32068966 | K10: =D10/$F10 -> 0.21034483 | L10: =E10/$F10 -> 0.10689655
A11: 1790 | B11: 130 | C11: 101 | D11: 87 | E11: 44 | F11: =SUM(B11:E11) -> 362 | H11: 1790 | I11: =B11/$F11 -> 0.35911602 | J11: =C11/$F11 -> 0.27900552 | K11: =D11/$F11 -> 0.24033149 | L11: =E11/$F11 -> 0.12154696
A12: 1800 | B12: 153 | C12: 135 | D12: 91 | E12: 35 | F12: =SUM(B12:E12) -> 414 | H12: 1800 | I12: =B12/$F12 -> 0.36956522 | J12: =C12/$F12 -> 0.32608696 | K12: =D12/$F12 -> 0.21980676 | L12: =E12/$F12 -> 0.084541063
A13: 1806 | B13: 174 | C13: 98 | D13: 59 | E13: 18 | F13: =SUM(B13:E13) -> 349 | H13: 1806 | I13: =B13/$F13 -> 0.49856734 | J13: =C13/$F13 -> 0.28080229 | K13: =D13/$F13 -> 0.16905444 | L13: =E13/$F13 -> 0.051575931

Sheet Wealth by group
A1: Noslaves | B1: Group 1 | C1: Group 2 | D1: Group 3 | E1: Group 4 | I1: Group 1 | J1: Group 2 | K1: Group 3 | L1: Group 4
A2: 1700 | B2: 154.304 | C2: 344.972 | D2: 1492.16 | E2: 1470.18 | H2: 1700 | I2: 154.304 | J2: 539.153 | K2: 2383.91 | L2: 3988.26
A3: 1710 | B3: 250.215 | C3: 541.292 | D3: 1735.97 | E3: 4067.91 | H3: 1710 | I3: 250.215 | J3: 795.889 | K3: 2680.25 | L3: 6717.54
A4: 1720 | B4: 143.915 | C4: 294.666 | D4: 1319.66 | E4: 3015.55 | H4: 1720 | I4: 143.915 | J4: 578.796 | K4: 2226 | L4: 5734.07
A5: 1730 | B5: 263.352 | C5: 450.983 | D5: 1090.37 | E5: 3132.17 | H5: 1730 | I5: 263.352 | J5: 694.285 | K5: 2078.42 | L5: 5419.38
A6: 1740 | B6: 340.508 | C6: 518.443 | D6: 1493.41 | E6: 3079.38 | H6: 1740 | I6: 340.508 | J6: 774.144 | K6: 2505.99 | L6: 6271.61
A7: 1750 | B7: 696.567 | C7: 800.239 | D7: 1710.87 | E7: 3536.05 | H7: 1750 | I7: 696.567 | J7: 1028.49 | K7: 2621.54 | L7: 6069.16
A8: 1760 | B8: 650.739 | C8: 827.667 | D8: 776.379 | E8: 2178.03 | H8: 1760 | I8: 650.739 | J8: 1093.32 | K8: 1739.09 | L8: 4510.55
A9: 1770 | B9: 513.177 | C9: 704.472 | D9: 1773.35 | E9: 2635.05 | H9: 1770 | I9: 513.177 | J9: 943.453 | K9: 2710.05 | L9: 5751.78
A10: 1780 | B10: 945.799 | C10: 1149.78 | D10: 1707.77 | E10: 2460.81 | H10: 1780 | I10: 945.799 | J10: 1391.04 | K10: 2631.95 | L10: 5890.6
A11: 1790 | B11: 829.101 | C11: 1328.39 | D11: 1618.71 | E11: 1975.6 | H11: 1790 | I11: 829.101 | J11: 1555.01 | K11: 2585.51 | L11: 5147.97
A12: 1800 | B12: 631.818 | C12: 1115.47 | D12: 1421.02 | E12: 2010.09 | H12: 1800 | I12: 631.818 | J12: 1349.33 | K12: 2427.1 | L12: 5044.67
A13: 1806 | B13: 411.804 | C13: 810.569 | D13: 1518.59 | E13: 1327.52 | H13: 1806 | I13: 411.804 | J13: 1034.92 | K13: 2420.59 | L13: 4208.9

Sheet Gini by group
B1: 1700 | C1: 1710 | D1: 1720 | E1: 1730 | F1: 1740 | G1: 1750 | H1: 1760 | I1: 1770 | J1: 1780 | K1: 1790 | L1: 1800 | M1: Total | P1: Group 1 | Q1: Group 2 | R1: Group 3 | S1: Group 4 | T1: Total | U1: Between | V1: Overlap | W1: Within
A2: Group 1 | B2: 0.527 | C2: 0.779 | D2: 0.732 | E2: 0.697 | F2: 0.709 | G2: 0.578 | H2: 0.658 | I2: 0.73 | J2: 0.664 | K2: 0.632 | L2: 0.687 | M2: 0.702 | O2: 1700 | P2: 0.527 | Q2: 0.363 | R2: 0.3 | S2: 0.085 | T2: 0.661 | U2: 0.596 | V2: -0.007 | W2: 0.072
A3: Group 2 | B3: 0.363 | C3: 0.443 | D3: 0.377 | E3: 0.477 | F3: 0.457 | G3: 0.479 | H3: 0.591 | I3: 0.524 | J3: 0.534 | K3: 0.555 | L3: 0.54 | M3: 0.54 | O3: 1710 | P3: 0.779 | Q3: 0.443 | R3: 0.192 | S3: 0.234 | T3: 0.621 | U3: 0.535 | V3: 0.012 | W3: 0.073
A4: Group 3 | B4: 0.3 | C4: 0.192 | D4: 0.267 | E4: 0.281 | F4: 0.331 | G4: 0.344 | H4: 0.322 | I4: 0.356 | J4: 0.448 | K4: 0.423 | L4: 0.32 | M4: 0.365 | O4: 1720 | P4: 0.732 | Q4: 0.377 | R4: 0.267 | S4: 0.255 | T4: 0.614 | U4: 0.538 | V4: -0.002 | W4: 0.077
A5: Group 4 | B5: 0.085 | C5: 0.234 | D5: 0.255 | E5: 0.26 | F5: 0.205 | G5: 0.233 | H5: 0.231 | I5: 0.296 | J5: 0.322 | K5: 0.347 | L5: 0.305 | M5: 0.302 | O5: 1730 | P5: 0.697 | Q5: 0.477 | R5: 0.281 | S5: 0.26 | T5: 0.578 | U5: 0.451 | V5: 0.029 | W5: 0.098
A6: Gini | B6: 0.661 | C6: 0.621 | D6: 0.614 | E6: 0.578 | F6: 0.571 | G6: 0.531 | H6: 0.567 | I6: 0.598 | J6: 0.596 | K6: 0.57 | L6: 0.576 | M6: 0.597 | O6: 1740 | P6: 0.709 | Q6: 0.457 | R6: 0.331 | S6: 0.205 | T6: 0.571 | U6: 0.463 | V6: 0.02 | W6: 0.088
O7: 1750 | P7: 0.578 | Q7: 0.479 | R7: 0.344 | S7: 0.233 | T7: 0.531 | U7: 0.394 | V7: 0.046 | W7: 0.091
A8: Between | B8: 0.596 | C8: 0.535 | D8: 0.538 | E8: 0.451 | F8: 0.463 | G8: 0.394 | H8: 0.307 | I8: 0.411 | J8: 0.346 | K8: 0.343 | L8: 0.366 | M8: 0.403 | O8: 1760 | P8: 0.658 | Q8: 0.591 | R8: 0.322 | S8: 0.231 | T8: 0.567 | U8: 0.307 | V8: 0.128 | W8: 0.131
A9: Overlap | B9: -0.007 | C9: 0.012 | D9: -0.002 | E9: 0.029 | F9: 0.02 | G9: 0.046 | H9: 0.128 | I9: 0.073 | J9: 0.132 | K9: 0.114 | L9: 0.096 | M9: 0.084 | O9: 1770 | P9: 0.73 | Q9: 0.524 | R9: 0.356 | S9: 0.296 | T9: 0.598 | U9: 0.411 | V9: 0.073 | W9: 0.114
A10: Within | B10: 0.072 | C10: 0.073 | D10: 0.077 | E10: 0.098 | F10: 0.088 | G10: 0.091 | H10: 0.131 | I10: 0.114 | J10: 0.118 | K10: 0.113 | L10: 0.113 | M10: 0.11 | O10: 1780 | P10: 0.664 | Q10: 0.534 | R10: 0.448 | S10: 0.322 | T10: 0.596 | U10: 0.346 | V10: 0.132 | W10: 0.118
O11: 1790 | P11: 0.632 | Q11: 0.555 | R11: 0.423 | S11: 0.347 | T11: 0.57 | U11: 0.343 | V11: 0.114 | W11: 0.113
O12: 1800 | P12: 0.687 | Q12: 0.54 | R12: 0.32 | S12: 0.305 | T12: 0.576 | U12: 0.366 | V12: 0.096 | W12: 0.113
A13: STATA: | B13: ginidesc | C13: total, | D13: by(group) | O13: All | P13: 0.702 | Q13: 0.54 | R13: 0.365 | S13: 0.302 | T13: 0.597 | U13: 0.403 | V13: 0.084 | W13: 0.11
A17: STATA: | B17: descogini | C17: total | D17: slaves | E17: commodities | F17: prodprim | G17: prodsec | H17: conbasic | I17: conluxury
A19: Gini | B19: Decomposition | C19: by | D19: Income | E19: Source
A21: Total | B21: Income | C21: Variable: | D21: total
A22: Source | B22: Sk | C22: Gk | D22: Rk | E22: Share | F22: % Change
A23: slaves | B23: 0.3515 | C23: 0.6957 | D23: 0.8147 | E23: 0.3296 | F23: -0.0218
A24: commodities | B24: 0.5863 | C24: 0.703 | D24: 0.9197 | E24: 0.6273 | F24: 0.041
A25: prodprim | B25: 0.0086 | C25: 0.6646 | D25: 0.7636 | E25: 0.0072 | F25: -0.0014
A26: prodsec | B26: 0.0305 | C26: 0.6662 | D26: 0.7969 | E26: 0.0268 | F26: -0.0037
A27: conbasic | B27: 0.0105 | C27: 0.6263 | D27: 0.3642 | E27: 0.004 | F27: -0.0066
A28: conluxury | B28: 0.0126 | C28: 0.7798 | D28: 0.3126 | E28: 0.0051 | F28: -0.0075
A29: Total income | C29: 0.6043
A32: Source | B32: Sk | C32: Gk | D32: Rk | E32: Share | F32: % Change
A33: Slaves | B33: 0.3515 | C33: 0.6957 | D33: 0.8147 | E33: 0.3296 | F33: -0.0218
A34: Cattle | B34: 0.2999 | C34: 0.7332 | D34: 0.8805 | E34: 0.3204 | F34: 0.0205
A35: Horses | B35: 0.0627 | C35: 0.7397 | D35: 0.8013 | E35: 0.0615 | F35: -0.0012
A36: Sheep | B36: 0.2238 | C36: 0.7659 | D36: 0.8657 | E36: 0.2455 | F36: 0.0217
A37: Ploughs | B37: 0.0025 | C37: 0.7598 | D37: 0.7541 | E37: 0.0024 | F37: -0.0001
A38: Corn sieves | B38: 0.0012 | C38: 0.9305 | D38: 0.7332 | E38: 0.0013 | F38: 0.0002
A39: Boats | B39: 0.0005 | C39: 0.9814 | D39: 0.3096 | E39: 0.0002 | F39: -0.0002
A40: Buckets | B40: 0.0014 | C40: 0.6091 | D40: 0.6846 | E40: 0.001 | F40: -0.0004
A41: Spades | B41: 0.0007 | C41: 0.8481 | D41: 0.6738 | E41: 0.0007 | F41: 0
A42: Guns | B42: 0.0023 | C42: 0.7267 | D42: 0.5766 | E42: 0.0016 | F42: -0.0007
A43: Brandy stills | B43: 0.0035 | C43: 0.8768 | D43: 0.6635 | E43: 0.0034 | F43: -0.0001
A44: Wagons | B44: 0.026 | C44: 0.664 | D44: 0.7937 | E44: 0.0227 | F44: -0.0033
... A60: Gold rings | B60: 0.0007 | C60: 0.941 | D60: 0.1852 | E60: 0.0002 | F60: -0.0005
A61: Total income | C61: 0.6043

Sheet Sheet1
A1: date | B1: slaves | C1: comm | D1: total | F1: slaves | G1: comm | J1: decade | K1: slaves | L1: comm | M1: total | R1: decade | S1: slaves | T1: comm | U1: rest | V1: total | Y1: slaves | Z1: beesten | AA1: paarden | AB1: schapen | AC1: total
A2: 1673 | B2: 0 | C2: 34.75 | D2: 49.47 | F2: =B2/D2 -> 0 | G2: =C2/D2 -> 0.70244593 | J2: 1700 | K2: 293.785 | L2: 437.117 | M2: 759.301 | O2: =K2/M2 -> 0.38691507 | P2: =L2/M2 -> 0.57568342 | R2: 1700 | S2: 293.785 | T2: 437.117 | U2: 28.39891 | V2: 759.301 | X2: 1700 | Y2: 293.785 | Z2: 240.803 | AA2: 28.2843 | AB2: 168.03 | AC2: 759.301
A3: 1685 | B3: 1353 | C3: 1132.25 | D3: 2521.92 | F3: =B3/D3 -> 0.536496 | G3: =C3/D3 -> 0.44896349 | J3: 1710 | K3: 505.179 | L3: 907.9854 | M3: 1478.79 | O3: =K3/M3 -> 0.34161646 | P3: =L3/M3 -> 0.61400564 | R3: 1710 | S3: 505.179 | T3: 907.9854 | U3: 65.62756 | V3: 1478.79 | X3: 1710 | Y3: 505.179 | Z3: 468.899 | AA3: 59.7589 | AB3: 379.327 | AC3: 1478.79
A4: 1687 | B4: 0 | C4: 122.825 | D4: 122.83 | F4: =B4/D4 -> 0 | G4: =C4/D4 -> 0.99995929 | J4: 1720 | K4: 469.222 | L4: 563.8533 | M4: 1109.55 | O4: =K4/M4 -> 0.42289397 | P4: =L4/M4 -> 0.50818197 | R4: 1720 | S4: 469.222 | T4: 563.8533 | U4: 76.4748 | V4: 1109.55 | X4: 1720 | Y4: 469.222 | Z4: 287.96 | AA4: 49.434 | AB4: 226.459 | AC4: 1109.55
A5: 1688 | B5: 112.75 | C5: 691.375 | D5: 857.95 | F5: =B5/D5 -> 0.13141791 | G5: =C5/D5 -> 0.80584533 | J5: 1730 | K5: 499.441 | L5: 626.5501 | M5: 1223.56 | O5: =K5/M5 -> 0.40818677 | P5: =L5/M5 -> 0.51207141 | R5: 1730 | S5: 499.441 | T5: 626.5501 | U5: 97.5675 | V5: 1223.56 | X5: 1730 | Y5: 499.441 | Z5: 339.649 | AA5: 45.5634 | AB5: 241.338 | AC5: 1223.56
A6: 1689 | B6: 28.1875 | C6: 271.0706 | D6: 331.668 | F6: =B6/D6 -> 0.084987096 | G6: =C6/D6 -> 0.81729501 | J6: 1740 | K6: 751.906 | L6: 954.0461 | M6: 1816.86 | O6: =K6/M6 -> 0.41384917 | P6: =L6/M6 -> 0.52510711 | R6: 1740 | S6: 751.906 | T6: 954.0461 | U6: 110.9033 | V6: 1816.86 | X6: 1740 | Y6: 751.906 | Z6: 496.682 | AA6: 91.2492 | AB6: 366.115 | AC6: 1816.86
A7: 1690 | B7: 225.5 | C7: 244.42 | D7: 474.63 | F7: =B7/D7 -> 0.47510693 | G7: =C7/D7 -> 0.51496956 | J7: 1750 | K7: 679.273 | L7: 1286.297 | M7: 2084.04 | O7: =K7/M7 -> 0.32594048 | P7: =L7/M7 -> 0.6172132 | R7: 1750 | S7: 679.273 | T7: 1286.297 | U7: 118.4707 | V7: 2084.04 | X7: 1750 | Y7: 679.273 | Z7: 683.891 | AA7: 139.461 | AB7: 462.944 | AC7: 2084.04
A8: 1691 | B8: 0 | C8: 0 | D8: 0 | F8: 0 | G8: 0 | J8: 1760 | K8: 600.376 | L8: 804.7218 | M8: 1520.24 | O8: =K8/M8 -> 0.39492185 | P8: =L8/M8 -> 0.52933866 | R8: 1760 | S8: 600.376 | T8: 804.7218 | U8: 115.1409 | V8: 1520.24 | X8: 1760 | Y8: 600.376 | Z8: 442.841 | AA8: 87.0191 | AB8: 274.862 | AC8: 1520.24
A9: 1692 | B9: 75.1667 | C9: 67.35416 | D9: 161.363 | F9: =B9/D9 -> 0.46582364 | G9: =C9/D9 -> 0.41740771 | J9: 1770 | K9: 516.349 | L9: 926.6376 | M9: 1556.94 | O9: =K9/M9 -> 0.33164348 | P9: =L9/M9 -> 0.5951659 | R9: 1770 | S9: 516.349 | T9: 926.6376 | U9: 113.9552 | V9: 1556.94 | X9: 1770 | Y9: 516.349 | Z9: 400.972 | AA9: 91.1962 | AB9: 434.469 | AC9: 1556.94
A10: 1693 | B10: 526.167 | C10: 1207.5 | D10: 1762.25 | F10: =B10/D10 -> 0.29857682 | G10: =C10/D10 -> 0.68520357 | J10: 1780 | K10: 638.398 | L10: 1219.153 | M10: 1971.84 | O10: =K10/M10 -> 0.32375751 | P10: =L10/M10 -> 0.61828191 | R10: 1780 | S10: 638.398 | T10: 1219.153 | U10: 114.2878 | V10: 1971.84 | X10: 1780 | Y10: 638.398 | Z10: 644.553 | AA10: 114.068 | AB10: 460.532 | AC10: 1971.84
A11: 1694 | B11: 394.625 | C11: 656.9063 | D11: 1108.71 | F11: =B11/D11 -> 0.35593167 | G11: =C11/D11 -> 0.59249605 | J11: 1790 | K11: 681.172 | L11: 1193.233 | M11: 1978.7 | O11: =K11/M11 -> 0.34425229 | P11: =L11/M11 -> 0.60303886 | R11: 1790 | S11: 681.172 | T11: 1193.233 | U11: 104.2937 | V11: 1978.7 | X11: 1790 | Y11: 681.172 | Z11: 650.435 | AA11: 141.22 | AB11: 401.578 | AC11: 1978.7
A12: 1695 | B12: 422.813 | C12: 389.7906 | D12: 844.51 | F12: =B12/D12 -> 0.50066074 | G12: =C12/D12 -> 0.4615583 | J12: 1800 | K12: 553.946 | L12: 978.0423 | M12: 1633.47 | O12: =K12/M12 -> 0.33912224 | P12: =L12/M12 -> 0.59875131 | R12: 1800 | S12: 553.946 | T12: 978.0423 | U12: 101.4813 | V12: 1633.47 | X12: 1800 | Y12: 553.946 | Z12: 489.983 | AA12: 114.583 | AB12: 373.476 | AC12: 1633.47
A13: 1696 | B13: 465.094 | C13: 551.2831 | D13: 1030.89 | F13: =B13/D13 -> 0.45115774 | G13: =C13/D13 -> 0.53476423 | J13: 1806 | K13: 364.095 | L13: 681.2598 | M13: 1122.21 | O13: =K13/M13 -> 0.32444462 | P13: =L13/M13 -> 0.6070698 | R13: 1806 | S13: 364.095 | T13: 681.2598 | U13: 76.85411 | V13: 1122.21 | X13: 1806 | Y13: 364.095 | Z13: 313.92 | AA13: 95.9624 | AB13: 271.377 | AC13: 1122.21
A14: 1697 | B14: 135.3 | C14: 287.601 | D14: 456.451 | F14: =B14/D14 -> 0.29641736 | G14: =C14/D14 -> 0.63008078
A15: 1698 | B15: 699.05 | C15: 483.5025 | D15: 1215.98 | F15: =B15/D15 -> 0.5748861 | G15: =C15/D15 -> 0.39762373
A16: 1699 | B16: 410 | C16: 534.135 | D16: 990.618 | F16: =B16/D16 -> 0.41388305 | G16: =C16/D16 -> 0.53919372
A17: 1700 | B17: 143.5 | C17: 396.7557 | D17: 552.331 | F17: =B17/D17 -> 0.25980798 | G17: =C17/D17 -> 0.71832959
A18: 1701 | B18: 856.9 | C18: 1361.896 | D18: 2313.67 | F18: =B18/D18 -> 0.37036397 | G18: =C18/D18 -> 0.58863018
A19: 1702 | B19: 253.688 | C19: 553.8831 | D19: 823.953 | F19: =B19/D19 -> 0.30789135 | G19: =C19/D19 -> 0.67222657
A20: 1703 | B20: 1014.75 | C20: 1223.734 | D20: 2376.21 | F20: =B20/D20 -> 0.42704559 | G20: =C20/D20 -> 0.51499405
A21: 1704 | B21: 263.083 | C21: 480.4283 | D21: 756.147 | F21: =B21/D21 -> 0.34792573 | G21: =C21/D21 -> 0.63536363
A22: 1705 | B22: 591.938 | C22: 731.0078 | D22: 1339.36 | F22: =B22/D22 -> 0.44195586 | G22: =C22/D22 -> 0.54578888
A23: 1706 | B23: 225.5 | C23: 380.7567 | D23: 633.903 | F23: =B23/D23 -> 0.35573266 | G23: =C23/D23 -> 0.60065452
A24: 1707 | B24: 84.5625 | C24: 1227.55 | D24: 1426.06 | F24: =B24/D24 -> 0.059297996 | G24: =C24/D24 -> 0.86079828
A25: 1708 | B25: 479.188 | C25: 812.5339 | D25: 1341.3 | F25: =B25/D25 -> 0.35725639 | G25: =C25/D25 -> 0.60578088
... A123: 1806 | B123: 291.415 | C123: 448.3957 | D123: 802.285 | F123: =B123/D123 -> 0.36323127 | G123: =C123/D123 -> 0.55889827
