Workbook

Sheet 1865
A1: CENSUS OF THE CAPE COLONY. - 1865
A2: VII. - OCCUPATION.
A3: TOTAL COLONY.
B4: White. | D4: Coloured. | G4: White. | I4: Coloured.
B5: M. | C5: F. | D5: M. | E5: F. | G5: M. | H5: F. | I5: M. | J5: F.
A6: AGRICULTURE | F6: Brought forward | G6: 36885 | H6: 1124 | I6: 11255 | J6: 548
A7: Farmers, Corn | B7: 9926 | C7: 57 | D7: 4470 | E7: 13
A8: " Sheep and Cattle | B8: 11746 | C8: 97 | D8: 1750 | E8: 20 | F8: LABOURERS
A9: " Wine | B9: 1272 | C9: 6 | D9: 15 | E9: 0 | F9: Agricultural | G9: 3594 | H9: 19 | I9: 40012 | J9: 1310
A10: Gardeners (Market) | B10: 263 | C10: 9 | D10: 92 | E10: 3 | F10: Porters and Messengers | G10: 158 | H10: 1 | I10: 45 | J10: 17
F11: Washermen and Women | G11: 8 | H11: 279 | I11: 28 | J11: 2177
A12: TRADE AND COMMERCE: | F12: Other | G12: 2422 | H12: 100 | I12: 18627 | J12: 520
A13: Auctioneers | B13: 64 | C13: 0 | D13: 0 | E13: 0
A14: Boarding-house-keepers (Private) | B14: 33 | C14: 37 | D14: 1 | E14: 3 | F14: DOMESTIC SERVANTS | G14: 1000 | H14: 1946 | I14: 5133 | J14: 22413
A15: Brokers | B15: 29 | C15: 0 | D15: 1 | E15: 0
A16: Butchers | B16: 252 | C16: 3 | D16: 126 | E16: 0 | F16: LITERARY, SCIENTIFIC, AND PROFESSIONAL
A17: Canteen-keepers | B17: 149 | C17: 5 | D17: 26 | E17: 3 | F17: Advocates | G17: 8 | H17: 0 | I17: 0 | J17: 0
A18: Carriers and Conveyers (including Railway Officials) | B18: 549 | C18: 1 | D18: 510 | E18: 1 | F18: Apothecaries, Chemists, and Druggists | G18: 118 | H18: 0 | I18: 0 | J18: 0
A19: Contractors | B19: 42 | C19: 0 | D19: 4 | E19: 0 | F19: Architects | G19: 13 | H19: 0 | I19: 0 | J19: 0
A20: General Agents | B20: 94 | C20: 0 | D20: 10 | E20: 4 | F20: Attorneys, Notaries, Conveyancers and Law Agents | G20: 195 | H20: 0 | I20: 2 | J20: 0
A21: Inn and Hotel-keepers | B21: 338 | C21: 35 | D21: 11 | E21: 2 | F21: Church Clerks and Sextons | G21: 13 | H21: 0 | I21: 1 | J21: 0
A22: Ironmongers | B22: 4 | C22: 0 | D22: 0 | E22: 0 | F22: Clergymen and Catechists | G22: 305 | H22: 0 | I22: 6 | J22: 0
A23: Livery-stable-keepers | B23: 9 | C23: 0 | D23: 2 | E23: 0 | F23: Engineers and Surveyors | G23: 137 | H23: 0 | I23: 2 | J23: 0
A24: Merchants, Wholesale and Retail Dealers | B24: 3947 | C24: 209 | D24: 189 | E24: 41 | F24: Medical Practitioners | G24: 143 | H24: 0 | I24: 5 | J24: 0
A25: Public Companies - Officers of | B25: 148 | C25: 0 | D25: 5 | E25: 0 | F25: Midwives | G25: 0 | H25: 46 | I25: 0 | J25: 77
F26: Priests- Jewish and Mohammedan | G26: 3 | H26: 0 | I26: 19 | J26: 0
A27: MANUFACTURES, MECHANICS, AND ARTIFICERS | F27: Students | G27: 58 | H27: 0 | I27: 0 | J27: 0
A28: Bakers | B28: 274 | C28: 4 | D28: 84 | E28: 2 | F28: Teachers | G28: 806 | H28: 463 | I28: 102 | J28: 39
A29: Basketmakers | B29: 14 | C29: 2 | D29: 32 | E29: 0 | F29: Translators | G29: 2 | H29: 0 | I29: 5 | J29: 0
A30: Blacksmiths & Mechanical Engineers | B30: 798 | C30: 0 | D30: 245 | E30: 0 | F30: Professional (not otherwise enumerated) | G30: 108 | H30: 2 | I30: 0 | J30: 0
A31: Bookbinders | B31: 32 | C31: 0 | D31: 15 | E31: 0
A32: Boot and Shoemakers | B32: 741 | C32: 1 | D32: 441 | E32: 2 | F32: INDEPENDENT PROPRIETORS | G32: 169 | H32: 22 | I32: 3 | J32: 0
A33: Brewers | B33: 29 | C33: 0 | D33: 4 | E33: 0
A34: Brickmakers | B34: 70 | C34: 0 | D34: 108 | E34: 2 | F34: MILITARY SERVICE | G34: 715 | H34: 0 | I34: 8 | J34: 0
A35: Builders, Bricklayers, Masons, &c. | B35: 1161 | C35: 0 | D35: 987 | E35: 0
A36: Carpenters, Joiners, & Cabinetmakers | B36: 1605 | C36: 0 | D36: 399 | E36: 0 | F36: NAVAL SERVICE | G36: 36 | H36: 0 | I36: 2 | J36: 0
A37: Charcoal Burners | B37: 15 | C37: 0 | D37: 5 | E37: 0
A38: Clock and Watchmakers, Jewellers, and Gold and Silversmiths | B38: 112 | C38: 0 | D38: 11 | E38: 0 | F38: MARINERS, BOATMEN, FISHERMEN, AND STEVEDORES | G38: 674 | H38: 0 | I38: 721 | J38: 0
A39: Coachbuilders, Wagonmakers, and Wheelwrights | B39: 781 | C39: 0 | D39: 224 | E39: 0
A40: Coopers | B40: 95 | C40: 0 | D40: 84 | E40: 0 | F40: CIVIL SERVICE | G40: 1142 | H40: 12 | I40: 136 | J40: 0
A41: Distillers and Rectifiers | B41: 27 | C41: 0 | D41: 12 | E41: 0
A42: Dressmakers, Milliners, and Seamstresses | B42: 7 | C42: 638 | D42: 6 | E42: 425 | F42: FEMALES ABOVE 16 (not otherwise enumerated) | G42: 0 | H42: 40036 | I42: 0 | J42: 68016
A43: Dyers | B43: 13 | C43: 4 | D43: 5 | E43: 3
A44: Farriers | B44: 28 | C44: 0 | D44: 10 | E44: 0 | F44: CHILDREN UNDER 16 AT SCHOOL | G44: 8915 | H44: 8397 | I44: 6549 | J44: 7122
A45: Gunsmiths | B45: 43 | C45: 0 | D45: 1 | E45: 0
A46: Hairdressers | B46: 13 | C46: 0 | D46: 7 | E46: 0 | F46: CHILDREN UNDER 16 NOT AT SCHOOL (not otherwise enumerated) | G46: 33462 | H46: 33689 | I46: 50988 | J46: 51893
A47: Hatters | B47: 15 | C47: 0 | D47: 12 | E47: 1
A48: Lime-burners | B48: 40 | C48: 0 | D48: 18 | E48: 0 | F48: CONVICTS | G48: 115 | H48: 0 | I48: 539 | J48: 0
A49: Millers | B49: 123 | C49: 0 | D49: 26 | E49: 0
A50: Mining Agents and Labourers | B50: 116 | C50: 0 | D50: 192 | E50: 0 | F50: PRISONERS OF WAR | G50: 0 | H50: 0 | I50: 1 | J50: 0
A51: Painters and Glaziers | B51: 220 | C51: 0 | D51: 176 | E51: 0
A52: Pastrycooks and Confectioners | B52: 31 | C52: 10 | D52: 4 | E52: 1 | F52: RESIDUE OF POPULATION | G52: 4206 | H52: 46 | I52: 26161 | J52: 307
A53: Photographers | B53: 22 | C53: 0 | D53: 0 | E53: 0
A54: Printers | B54: 268 | C54: 0 | D54: 47 | E54: 0
A55: Saddlers and Harnessmakers | B55: 303 | C55: 0 | D55: 160 | E55: 0
A56: Sailmakers | B56: 26 | C56: 0 | D56: 12 | E56: 0
A57: Sawyers | B57: 92 | C57: 0 | D57: 170 | E57: 0
A58: Shipwrights | B58: 50 | C58: 0 | D58: 17 | E58: 0
A59: Stone-cutters | B59: 17 | C59: 0 | D59: 1 | E59: 0
A60: Tailors | B60: 305 | C60: 4 | D60: 345 | E60: 12
A61: Tanners, Curriers, and Leather-sellers | B61: 108 | C61: 0 | D61: 36 | E61: 0
A62: Tin and Coppersmiths, and Plumbers | B62: 196 | C62: 1 | D62: 37 | E62: 0
A63: Turners | B63: 20 | C63: 0 | D63: 5 | E63: 4
A64: Weavers | B64: 1 | C64: 0 | D64: 0 | E64: 0
... A66: Woolwashers | B66: 7 | C66: 0 | D66: 1 | E66: 4
A68: Carried forward | B68: 36885 | C68: 1124 | D68: 11255 | E68: 548 | F68: TOTAL | G68: 95410 | H68: 86182 | I68: 160350 | J68: 154439

Sheet 1865 v. 1875
A1: TABLE XII. - OCCUPATIONS. - Shewing the Occupations of the Population of the Colony, according to the Censuses of March, 1865, and March, 1875, arranged in Sixty-one Sub Orders.
A2: CLASS. | B2: ORDER. | C2: SUB-ORDER. | D2: OCCUPATIONS | E2: TOTAL. | K2: EUROPEAN OR WHITE. | O2: EXCLUSIVE OF EUROPEAN OR WHITE.
E3: MARCH, 1865. | H3: MARCH, 1875. | K3: MARCH, 1865. | M3: MARCH, 1875. | O3: MARCH, 1865. | Q3: MARCH, 1875.
E4: Persons. | F4: Males. | G4: Females | H4: Persons. | I4: Males. | J4: Females | K4: Males. | L4: Females | M4: Males. | N4: Females | O4: Males. | P4: Females | Q4: Males. | R4: Females
D5: Total Population | E5: 496381 | F5: 255760 | G5: 240621 | H5: 720984 | I5: 369628 | J5: 351356 | K5: 95410 | L5: 86182 | M5: 123910 | N5: 112873 | O5: 160350 | P5: 154439 | Q5: 245718 | R5: 238483
D6: Total of Specified Occupations | E6: 187577 | F6: 140943 | G6: 46634 | H6: 400100 | I6: 213377 | J6: 186723 | K6: 57742 | L6: 12411 | M6: 78365 | N6: 62535 | O6: 83201 | P6: 34223 | Q6: 135012 | R6: 124188
A8: I. | B8: I. | C8: 1 | D8: Officers of General Government | E8: 1290 | F8: 1278 | G8: 12 | H8: 1290 | I8: 1237 | J8: 53 | K8: 1142 | L8: 12 | M8: 954 | N8: 52 | O8: 136 | P8: 0 | Q8: 283 | R8: 1
C9: 2 | D9: Officers of Local Government | E9: 0 | F9: 0 | G9: 0 | H9: 80 | I9: 80 | J9: 0 | K9: 0 | L9: 0 | M9: 65 | N9: 0 | O9: 0 | P9: 0 | Q9: 15 | R9: 0
C10: 3 | D10: Engaged in Defence | E10: 761 | F10: 761 | G10: 0 | H10: 3165 | I10: 3165 | J10: 0 | K10: 751 | L10: 0 | M10: 3952 | N10: 0 | O10: 10 | P10: 0 | Q10: 213 | R10: 0
B12: II. | C12: 1 | D12: Clergymen, Ministers, and Church Officers | E12: 347 | F12: 347 | G12: 0 | H12: 538 | I12: 481 | J12: 57 | K12: 321 | L12: 0 | M12: 396 | N12: 57 | O12: 26 | P12: 0 | Q12: 85 | R12: 0
C13: 2 | D13: Law Court Officers, Barristers, Attorneys and Law Agents and Immediate Subordinates | E13: 205 | F13: 205 | G13: 0 | H13: 216 | I13: 216 | J13: 0 | K13: 203 | L13: 0 | M13: 215 | N13: 0 | O13: 2 | P13: 0 | Q13: 1 | R13: 0
C14: 3 | D14: Physicians, Surgeons, Chemists, &c. | E14: 389 | F14: 266 | G14: 123 | H14: 542 | I14: 285 | J14: 257 | K14: 261 | L14: 46 | M14: 274 | N14: 85 | O14: 5 | P14: 77 | Q14: 11 | R14: 172
C15: 4 | D15: Literary Persons | E15: 7 | F15: 7 | G15: 0 | H15: 23 | I15: 23 | J15: 0 | K15: 2 | L15: 0 | M15: 14 | N15: 0 | O15: 5 | P15: 0 | Q15: 9 | R15: 0
C16: 5 | D16: Scientific Persons | E16: 249 | F16: 247 | G16: 2 | H16: 98 | I16: 98 | J16: 0 | K16: 245 | L16: 2 | M16: 97 | N16: 0 | O16: 2 | P16: 0 | Q16: 1 | R16: 0
C17: 6 | D17: Teachers, &c. | E17: 1410 | F17: 908 | G17: 502 | H17: 1787 | I17: 926 | J17: 861 | K17: 806 | L17: 463 | M17: 783 | N17: 815 | O17: 102 | P17: 39 | Q17: 143 | R17: 46
C18: 7 | D18: Artists | E18: 22 | F18: 22 | G18: 0 | H18: 79 | I18: 76 | J18: 3 | K18: 22 | L18: 0 | M18: 75 | N18: 3 | O18: 0 | P18: 0 | Q18: 1 | R18: 0
C19: 8 | D19: Musicians, Music Teachers | E19: 0 | F19: 0 | G19: 0 | H19: 76 | I19: 50 | J19: 26 | K19: 0 | L19: 0 | M19: 39 | N19: 26 | O19: 0 | P19: 0 | Q19: 11 | R19: 0
C20: 9 | D20: Actors, &c. | E20: 0 | F20: 0 | G20: 0 | H20: 22 | I20: 18 | J20: 4 | K20: 0 | L20: 0 | M20: 16 | N20: 4 | O20: 0 | P20: 0 | Q20: 2 | R20: 0
A22: II. | B22: III. | D22: Wives and Mistresses of Families | E22: 0 | F22: 0 | G22: 0 | H22: 51923 | I22: 0 | J22: 51923 | K22: 0 | L22: 0 | M22: 0 | N22: 16770 | O22: 0 | P22: 0 | Q22: 0 | R22: 35153
B24: IV. | C24: 1 | D24: Engaged in Board and Lodging | E24: 460 | F24: 383 | G24: 77 | H24: 933 | I24: 507 | J24: 426 | K24: 371 | L24: 72 | M24: 477 | N24: 408 | O24: 12 | P24: 5 | Q24: 30 | R24: 18
C25: 2 | D25: Engaged in Attendance | E25: 30675 | F25: 6308 | G25: 24367 | H25: 30410 | I25: 8299 | J25: 22111 | K25: 1149 | L25: 1951 | M25: 1255 | N25: 2381 | O25: 5159 | P25: 22416 | Q25: 7044 | R25: 19730
Q26: 41 | R26: 2
A27: III. | B27: V. | C27: 1 | D27: Engaged in Merchantile Pursuits | E27: 4741 | F27: 4487 | G27: 254 | H27: 3538 | I27: 3498 | J27: 40 | K27: 4282 | L27: 209 | M27: 3457 | N27: 38 | O27: 205 | P27: 45 | Q27: 160 | R27: 14
C28: 2 | D28: Other General Dealers | E28: 0 | F28: 0 | G28: 0 | H28: 3436 | I28: 2179 | J28: 257 | K28: 0 | L28: 0 | M28: 2019 | N28: 243 | O28: 0 | P28: 0 | Q28: 0 | R28: 0
B30: VI. | C30: 1 | D30: Carriers on Railways | E30: 1072 | F30: 1070 | G30: 2 | H30: 333 | I30: 329 | J30: 4 | K30: 558 | L30: 1 | M30: 309 | N30: 4 | O30: 512 | P30: 1 | Q30: 20 | R30: 4
C31: 2 | D31: Carriers on Roads | E31: 0 | F31: 0 | G31: 0 | H31: 4137 | I31: 4126 | J31: 11 | K31: 0 | L31: 0 | M31: 1476 | N31: 7 | O31: 0 | P31: 0 | Q31: 2650
C32: 3 | D32: Carriers on Seas and Rivers | E32: 1395 | F32: 1395 | G32: 0 | H32: 1921 | I32: 1909 | J32: 12 | K32: 674 | L32: 0 | M32: 1742 | N32: 11 | O32: 721 | P32: 0 | Q32: 167 | R32: 1
C33: 4 | D33: Engaged in Storage | E33: 0 | F33: 0 | G33: 0 | H33: 564 | I33: 564 | J33: 0 | K33: 0 | L33: 0 | M33: 326 | N33: 0 | O33: 0 | P33: 0 | Q33: 238
C34: 5 | D34: Messangers and Porters | E34: 221 | F34: 203 | G34: 18 | H34: 388 | I34: 387 | J34: 1 | K34: 158 | L34: 1 | M34: 177 | N34: 0 | O34: 45 | P34: 17 | Q34: 210 | R34: 1
A36: IV. | B36: VII. | C36: 1 | D36: Engaged in Agriculture Pursuits | E36: 61061 | F36: 59644 | G36: 1417 | H36: 181785 | I36: 101586 | J36: 80199 | K36: 15055 | L36: 91 | M36: 25341 | N36: 26193 | O36: 44589 | P36: 1326 | Q36: 76245 | R36: 54006
C37: 2 | D37: Engaged in Pastoral Pursuits | E37: 13613 | F37: 13496 | G37: 117 | H37: 26071 | I37: 25748 | J37: 323 | K37: 11746 | L37: 97 | M37: 8327 | N37: 192 | O37: 1750 | P37: 20 | Q37: 17421 | R37: 131
C38: 3 | D38: Engaged on Land (not cultivating or grazing) | E38: 0 | F38: 0 | G38: 0 | H38: 139 | I38: 126 | J38: 13 | K38: 0 | L38: 0 | M38: 71 | N38: 3 | O38: 0 | P38: 0 | Q38: 55 | R38: 10
C39: 4 | D39: Engaged about Animals | E39: 38 | F39: 38 | G39: 0 | H39: 1141 | I39: 1140 | J39: 1 | K39: 28 | L39: 0 | M39: 330 | N39: 1 | O39: 10 | P39: 0 | Q39: 810 | R39: 0
A41: V. | B41: VIII. | C41: 1 | D41: Engaged in Books | E41: 362 | F41: 362 | G41: 0 | H41: 415 | I41: 405 | J41: 10 | K41: 300 | L41: 0 | M41: 362 | N41: 10 | O41: 62 | P41: 0 | Q41: 43 | R41: 0
C42: 2 | D42: Engaged in Musical Instrumemts | E42: 0 | F42: 0 | G42: 0 | H42: 19 | I42: 19 | J42: 0 | K42: 0 | L42: 0 | M42: 19 | N42: 0 | O42: 0 | P42: 0 | Q42: 0 | R42: 0
C43: 3 | D43: Engaged in Prints and Pictures | E43: 0 | F43: 0 | G43: 0 | H43: 1 | I43: 1 | J43: 0 | K43: 0 | L43: 0 | M43: 1 | N43: 0 | O43: 0 | P43: 0 | Q43: 0 | R43: 0
C44: 4 | D44: Engaged in Carving and Figures | E44: 0 | F44: 0 | G44: 0 | H44: 21 | I44: 20 | J44: 1 | K44: 0 | L44: 0 | M44: 2 | N44: 1 | O44: 0 | P44: 0 | Q44: 18 | R44: 0
C45: 5 | D45: Engaged in Designs | E45: 0 | F45: 0 | G45: 0 | H45: 4 | I45: 4 | J45: 0 | K45: 0 | L45: 0 | M45: 4 | N45: 0 | O45: 0 | P45: 0 | Q45: 0 | R45: 0
C46: 6 | D46: Engaged in Watches | E46: 123 | F46: 123 | G46: 0 | H46: 90 | I46: 90 | J46: 0 | K46: 112 | L46: 0 | M46: 84 | N46: 0 | O46: 11 | P46: 0 | Q46: 6 | R46: 0
C47: 7 | D47: Engaged in Arms | E47: 44 | F47: 44 | G47: 0 | H47: 32 | I47: 32 | J47: 0 | K47: 43 | L47: 0 | M47: 32 | N47: 0 | O47: 1 | P47: 0 | Q47: 0 | R47: 0
C48: 8 | D48: Engaged in Machines and Tools | E48: 0 | F48: 0 | G48: 0 | H48: 57 | I48: 57 | J48: 0 | K48: 0 | L48: 0 | M48: 52 | N48: 0 | O48: 0 | P48: 0 | Q48: 5 | R48: 0
C49: 9 | D49: Engaged in Carriages, Implements, and Harnesses | E49: 1468 | F49: 1468 | G49: 0 | H49: 1905 | I49: 1904 | J49: 1 | K49: 1084 | L49: 0 | M49: 1334 | N49: 1 | O49: 384 | P49: 0 | Q49: 570 | R49: 0
C50: 10 | D50: Engaged in Ships and Boats | E50: 105 | F50: 105 | G50: 0 | H50: 158 | I50: 158 | J50: 0 | K50: 76 | L50: 0 | M50: 133 | N50: 0 | O50: 29 | P50: 0 | Q50: 25 | R50: 0
C51: 11 | D51: Engaged in Houses and Buildings | E51: 4561 | F51: 4561 | G51: 0 | H51: 4937 | I51: 4936 | J51: 1 | K51: 2999 | L51: 0 | M51: 2883 | N51: 1 | O51: 1562 | P51: 0 | Q51: 2053 | R51: 0
C52: 12 | D52: Engaged in Furniture | E52: 0 | F52: 0 | G52: 0 | H52: 134 | I52: 132 | J52: 2 | K52: 0 | L52: 0 | M52: 116 | N52: 2 | O52: 0 | P52: 0 | Q52: 16 | R52: 0
C53: 13 | D53: Engaged in Chemicals | E53: 25 | F53: 18 | G53: 7 | H53: 3 | I53: 1 | J53: 2 | K53: 13 | L53: 4 | M53: 1 | N53: 0 | O53: 5 | P53: 3 | Q53: 0 | R53: 2
B55: IX. | C55: 1 | D55: Engaged in Textile Fabrics | E55: 1 | F55: 1 | H55: 168 | I55: 161 | J55: 7 | K55: 1 | M55: 161 | N55: 7
C56: 2 | D56: Engaged in Dress | E56: 5467 | F56: 1928 | G56: 3539 | H56: 7199 | I56: 1808 | J56: 5391 | K56: 1089 | L56: 922 | M56: 1028 | N56: 1509 | O56: 839 | P56: 2617 | Q56: 780 | R56: 3882
C57: 3 | D57: Engaged in Fibrous Materials | E57: 0 | F57: 0 | G57: 0 | H57: 18 | I57: 13 | J57: 5 | K57: 0 | L57: 0 | M57: 7 | N57: 0 | O57: 0 | P57: 0 | Q57: 6 | R57: 5
B59: X. | C59: 1 | D59: Dealing in Animal Food | E59: 381 | F59: 378 | G59: 3 | H59: 517 | I59: 475 | J59: 42 | K59: 252 | L59: 3 | M59: 308 | N59: 18 | O59: 126 | P59: 0 | Q59: 167 | R59: 24
C60: 2 | D60: Dealing in Vegetable Food | E60: 559 | F60: 542 | G60: 17 | H60: 721 | I60: 680 | J60: 41 | K60: 428 | L60: 14 | M60: 506 | N60: 19 | O60: 114 | P60: 3 | Q60: 174 | R60: 22
C61: 3 | D61: Dealing in Drinks and Stimulants | E61: 72 | F61: 72 | G61: 0 | H61: 216 | I61: 205 | J61: 11 | K61: 56 | L61: 0 | M61: 182 | N61: 10 | O61: 16 | P61: 0 | Q61: 23 | R61: 1
A63: VI. | B63: XI. | C63: 1 | D63: Dealing in Animal Matters | E63: 156 | F63: 152 | G63: 4 | H63: 753 | I63: 661 | J63: 92 | K63: 115 | L63: 0 | M63: 214 | N63: 2 | O63: 37 | P63: 4 | Q63: 447 | R63: 90
C64: 2 | D64: Dealing in Vegetable Matters | E64: 827 | F64: 818 | G64: 9 | H64: 1596 | I64: 1498 | J64: 98 | K64: 423 | L64: 3 | M64: 620 | N64: 1 | O64: 395 | P64: 6 | Q64: 878 | R64: 97
B66: XII. | C66: 1 | D66: Engaged in Mining | E66: 308 | F66: 308 | G66: 0 | H66: 409 | I66: 385 | J66: 24 | K66: 116 | L66: 0 | M66: 213 | N66: 0 | O66: 192 | P66: 0 | Q66: 172 | R66: 24
C67: 2 | D67: Engaged in Coal | E67: 20 | F67: 20 | G67: 0 | H67: 16 | I67: 16 | J67: 0 | K67: 15 | L67: 0 | M67: 11 | N67: 0 | O67: 5 | P67: 0 | Q67: 5 | R67: 0
C68: 3 | D68: Engaged in Stone, Clay, and Glass | E68: 256 | F68: 254 | G68: 2 | H68: 2641 | I68: 2637 | J68: 4 | K68: 127 | L68: 0 | M68: 998 | N68: 3 | O68: 127 | P68: 2 | Q68: 1639 | R68: 1
C69: 4 | D69: Engaged in Salt | E69: 0 | F69: 0 | G69: 0 | H69: 31 | I69: 29 | J69: 2 | K69: 0 | L69: 0 | M69: 0 | N69: 0 | O69: 0 | P69: 0 | Q69: 29 | R69: 2
C70: 5 | D70: Engaged in Water | E70: 0 | F70: 0 | G70: 0 | H70: 428 | I70: 418 | J70: 10 | K70: 0 | L70: 0 | M70: 117 | N70: 0 | O70: 0 | P70: 0 | Q70: 301 | R70: 10
C71: 6 | D71: Engaged in Gold, Silver, and Diamonds | E71: 0 | F71: 0 | G71: 0 | H71: 53 | I71: 53 | J71: 0 | K71: 0 | M71: 50 | N71: 0 | O71: 0 | P71: 0 | Q71: 3 | R71: 0
C72: 7 | D72: Dealing in Metals other than Gold or Silver | E72: 1281 | F72: 1280 | G72: 1 | H72: 1737 | I72: 1737 | J72: 0 | K72: 998 | L72: 1 | M72: 1335 | N72: 0 | O72: 282 | P72: 0 | Q72: 402 | R72: 0
A74: VII. | B74: XIII. | C74: 1 | D74: General Labourers | E74: 21669 | F74: 21049 | G74: 620 | H74: 11402 | I74: 11401 | J74: 1 | K74: 2422 | L74: 100 | M74: 1179 | N74: 0 | O74: 18627 | P74: 520 | Q74: 10222 | R74: 1
C75: 2 | D75: Other Indefinite Occupations | E75: 46 | F75: 46 | G75: 0 | H75: 896 | I75: 832 | J75: 64 | K75: 42 | L75: 0 | M75: 635 | N75: 45 | O75: 4 | P75: 0 | Q75: 197 | R75: 19
B77: XVI. | D77: Persons of Property or Rank not returned under any Occupation | E77: 194 | F77: 172 | G77: 22 | H77: 375 | I77: 235 | J77: 140 | K77: 169 | L77: 22 | M77: 226 | N77: 136 | O77: 3 | P77: 0 | Q77: 9 | R77: 4
B79: XV. | C79: 1 | D79: Persons supported by the Community or from the Public Revenue | E79: 0 | F79: 0 | G79: 0 | H79: 1069 | I79: 756 | J79: 313 | K79: 115 | L79: 0 | M79: 387 | N79: 115 | O79: 0 | P79: 0 | Q79: 369 | R79: 198
C80: 2 | D80: Criminal Classes | E80: 655 | F80: 655 | G80: 0 | H80: 1861 | I80: 1726 | J80: 135 | K80: 0 | L80: 0 | M80: 170 | N80: 31 | O80: 540 | P80: 0 | Q80: 1556 | R80: 104
B82: XVI. | C82: 1 | D82: Scholars | E82: 31041 | F82: 15522 | G82: 15519 | H82: 46583 | I82: 22839 | J82: 23744 | K82: 8973 | L82: 8397 | M82: 13808 | N82: 13331 | O82: 6549 | P82: 7122 | Q82: 9031 | R82: 10413
C83: 2 | D83: Persons and Children of no stated Occupation | E83: 308804 | F83: 114817 | G83: 193987 | H83: 320884 | I83: 156251 | J83: 164633 | K83: 37668 | L83: 73771 | M83: 45545 | N83: 50338 | O83: 77149 | P83: 120216 | Q83: 110706 | R83: 114295

Sheet 1891
A1: TABLE VII. - OCCUPATIONS. - Shewing the Occupations of the Population of the Colony, according to the Censuses of 1891
A2: CLASS. | B2: ORDER. | C2: SUB-ORDER. | D2: OCCUPATIONS | E2: EUROPEAN OR WHITE. | H2: Malay | K2: Hottentot. | N2: Fingo. | Q2: Kafir and Bechuana | T2: Mixed and Other. | W2: TOTAL.
E3: Persons. | F3: Males. | G3: Females | H3: Persons. | I3: Males. | J3: Females | K3: Persons. | L3: Males. | M3: Females | N3: Persons. | O3: Males. | P3: Females | Q3: Persons. | R3: Males. | S3: Females | T3: Persons. | U3: Males. | V3: Females | W3: Persons. | X3: Males. | Y3: Females
D5: Total Population | E5: 376987 | F5: 195956 | G5: 181031 | H5: 13907 | I5: 6713 | J5: 7194 | K5: 50388 | L5: 26248 | M5: 24140 | N5: 229680 | O5: 108566 | P5: 121114 | Q5: 608456 | R5: 306635 | S5: 301821 | T5: 247806 | U5: 123209 | V5: 124597 | W5: 1527224 | X5: 767327 | Y5: 759897 | AA5: European/White working age male population
AB6: 1891 | AC6: 18.91
A7: I. | B7: I. | C7: 1 | D7: Officers of General Government | E7: 2578 | F7: 2504 | G7: 74 | H7: 4 | I7: 4 | J7: 0 | K7: 18 | L7: 18 | M7: 0 | N7: 373 | O7: 373 | P7: 0 | Q7: 870 | R7: 867 | S7: 3 | T7: 173 | U7: 160 | V7: 13 | W7: 4016 | X7: 3926 | Y7: 90 | AA7: White collar | AB7: =F7+F8+F9+F11+F12+F13+F14+F15+F16+F17+F18+F19+F20+F24+F27+F29+F30+F31+F32+F34+F33+F41+F42+F43+F44+F45+F46+F47+F48+F49+F50+F51+F52 -> 31715 | AC7: =AB7/$AB$11*100 -> 27.926
C8: 2 | D8: Officers of Local Government | E8: 241 | F8: 240 | G8: 1 | H8: 1 | I8: 1 | J8: 0 | K8: 1 | L8: 1 | M8: 0 | N8: 1 | O8: 1 | P8: 0 | Q8: 14 | R8: 14 | S8: 0 | T8: 20 | U8: 18 | V8: 2 | W8: 278 | X8: 275 | Y8: 3 | AA8: Farmer | AB8: =F36+F37+F38+F39 -> 59509 | AC8: =AB8/$AB$11*100 -> 52.399444
C9: 3 | D9: Engaged in Defence | E9: 3207 | F9: 3207 | G9: 0 | H9: 0 | I9: 0 | J9: 0 | K9: 0 | L9: 0 | M9: 0 | N9: 0 | O9: 0 | P9: 0 | Q9: 1 | R9: 1 | S9: 0 | T9: 148 | U9: 148 | V9: 0 | W9: 3356 | X9: 3356 | Y9: 0 | AA9: Skilled/semi-skilled | AB9: =F54+F55+F56+F57+F59+F60+F61+F64+F63+F65+F67+F68+F70+F71+F72+F73+F74+F75+F76 -> 20075 | AC9: =AB9/$AB$11*100 -> 17.676634
AA10: Unskilled | AB10: =F78 -> 2269 | AC10: =AB10/$AB$11*100 -> 1.9979219
B11: II. | C11: 1 | D11: Clergymen, Ministers, and Church Officers | E11: 996 | F11: 800 | G11: 196 | H11: 19 | I11: 19 | J11: 0 | K11: 1 | L11: 1 | M11: 0 | N11: 126 | O11: 124 | P11: 2 | Q11: 108 | R11: 105 | S11: 3 | T11: 39 | U11: 34 | V11: 5 | W11: 1289 | X11: 1083 | Y11: 206 | AA11: Total working age | AB11: =SUM(AB7:AB10) -> 113568 | AC11: =AB11/$AB$11*100 -> 100
C12: 2 | D12: Law Court Officers, Barristers, Attorneys and Law Agents and Immediate Subordinates | E12: 676 | F12: 671 | G12: 5 | H12: 0 | I12: 0 | J12: 0 | K12: 0 | L12: 0 | M12: 0 | N12: 4 | O12: 4 | Q12: 7 | R12: 7 | T12: 7 | U12: 7 | W12: 694 | X12: 689 | Y12: 5
C13: 3 | D13: Physicians, Surgeons, Chemists, &c. | E13: 1159 | F13: 794 | G13: 365 | H13: 18 | I13: 1 | J13: 17 | K13: 28 | L13: 2 | M13: 26 | N13: 39 | O13: 35 | P13: 4 | Q13: 86 | R13: 64 | S13: 22 | T13: 326 | U13: 39 | V13: 287 | W13: 1656 | X13: 935 | Y13: 721
C14: 4 | D14: Literary Persons | E14: 132 | F14: 105 | G14: 27 | H14: 0 | I14: 0 | J14: 0 | K14: 0 | L14: 0 | M14: 0 | N14: 1 | O14: 1 | P14: 0 | Q14: 0 | R14: 0 | S14: 0 | T14: 2 | U14: 1 | V14: 1 | W14: 135 | X14: 107 | Y14: 28
C15: 5 | D15: Scientific Persons | E15: 13 | F15: 13 | G15: 0 | H15: 0 | I15: 0 | J15: 0 | K15: 0 | L15: 0 | M15: 0 | N15: 0 | O15: 0 | P15: 0 | Q15: 0 | R15: 0 | S15: 0 | T15: 0 | U15: 0 | V15: 0 | W15: 13 | X15: 13 | Y15: 0
C16: 6 | D16: Engineering, Surveying and Architechture | E16: 231 | F16: 230 | G16: 1 | H16: 0 | I16: 0 | J16: 0 | K16: 0 | L16: 0 | M16: 0 | N16: 2 | O16: 2 | P16: 0 | Q16: 14 | R16: 14 | T16: 2 | U16: 2 | V16: 0 | W16: 249 | X16: 248 | Y16: 1
C17: 7 | D17: Teachers, &c. | E17: 4217 | F17: 1069 | G17: 3148 | H17: 12 | I17: 8 | J17: 4 | K17: 11 | L17: 7 | M17: 4 | N17: 450 | O17: 277 | P17: 173 | Q17: 269 | R17: 179 | S17: 90 | T17: 292 | U17: 107 | V17: 185 | W17: 5251 | X17: 1647 | Y17: 3604
C18: 8 | D18: Artists | E18: 267 | F18: 210 | G18: 57 | H18: 0 | I18: 0 | J18: 0 | K18: 0 | L18: 0 | M18: 0 | N18: 0 | O18: 0 | P18: 0 | Q18: 0 | R18: 0 | S18: 0 | T18: 9 | U18: 7 | V18: 2 | W18: 276 | X18: 217 | Y18: 59
C19: 9 | D19: Musicians, Music Teachers | E19: 381 | F19: 122 | G19: 259 | H19: 2 | I19: 2 | J19: 0 | K19: 0 | L19: 0 | M19: 0 | N19: 3 | O19: 3 | Q19: 6 | R19: 3 | S19: 3 | T19: 7 | U19: 6 | V19: 1 | W19: 399 | X19: 136 | Y19: 263
C20: 10 | D20: Persons ministering to Amusement | E20: 155 | F20: 120 | G20: 35 | H20: 0 | I20: 0 | J20: 0 | K20: 1 | L20: 1 | M20: 0 | N20: 0 | O20: 0 | P20: 0 | Q20: 6 | R20: 6 | S20: 0 | T20: 13 | U20: 10 | V20: 3 | W20: 175 | X20: 137 | Y20: 38
A22: II. | B22: III. | D22: Wives, Widows, Daughters, and other Relatives engaged in Domestic Duties | E22: 69730 | F22: 13 | G22: 48717 | H22: 2312 | I22: 0 | J22: 2312 | K22: 5721 | L22: 1 | M22: 5720 | N22: 2679 | O22: 3 | P22: 2676 | Q22: 14828 | R22: 6 | S22: 14822 | T22: 33675 | U22: 12 | V22: 33663 | W22: 128945 | X22: 35 | Y22: 128910
B24: IV. | C24: 1 | D24: Engaged in Board and Lodging | E24: 1492 | F24: 708 | G24: 604 | H24: 5 | I24: 1 | J24: 4 | K24: 1 | L24: 0 | M24: 1 | N24: 13 | O24: 7 | P24: 6 | Q24: 47 | R24: 27 | S24: 20 | T24: 51 | U24: 21 | V24: 30 | W24: 1609 | X24: 854 | Y24: 755
C25: 2 | D25: Engaged in Attendance | E25: 5896 | F25: 1437 | G25: 4459 | H25: 2364 | I25: 359 | J25: 2005 | K25: 7884 | L25: 1477 | M25: 6407 | N25: 3154 | O25: 674 | P25: 2480 | Q25: 18304 | R25: 5126 | S25: 13178 | T25: 34982 | U25: 5980 | V25: 29002 | W25: 72584 | X25: 15053 | Y25: 57531
A27: III. | B27: V. | C27: 1 | D27: Engaged in Merchantile Pursuits | E27: 10788 | F27: 9490 | G27: 1298 | H27: 92 | I27: 74 | J27: 18 | K27: 13 | L27: 12 | M27: 1 | N27: 41 | O27: 40 | P27: 1 | Q27: 144 | R27: 123 | S27: 21 | T27: 1007 | U27: 897 | V27: 110 | W27: 12085 | X27: 10636 | Y27: 1449
B29: VI. | C29: 1 | D29: Carriers on Railways | E29: 1733 | F29: 1720 | G29: 13 | H29: 7 | I29: 7 | J29: 0 | K29: 10 | L29: 9 | M29: 1 | N29: 49 | O29: 49 | P29: 0 | Q29: 107 | R29: 107 | S29: 0 | T29: 286 | U29: 278 | V29: 8 | W29: 2192 | X29: 2170 | Y29: 22
C30: 2 | D30: Carriers on Roads | E30: 2122 | F30: 2074 | G30: 48 | H30: 369 | I30: 367 | J30: 2 | K30: 329 | L30: 328 | M30: 1 | N30: 356 | O30: 354 | P30: 2 | Q30: 1249 | R30: 1247 | S30: 2 | T30: 1952 | U30: 1940 | V30: 12 | W30: 6377 | X30: 6310 | Y30: 67
C31: 3 | D31: Carriers on Seas and Rivers | E31: 1822 | F31: 1817 | G31: 5 | H31: 31 | I31: 31 | J31: 0 | K31: 15 | L31: 15 | M31: 0 | N31: 12 | O31: 12 | P31: 0 | Q31: 43 | R31: 43 | S31: 0 | T31: 217 | U31: 217 | V31: 0 | W31: 2140 | X31: 2135 | Y31: 5
C32: 4 | D32: Engaged in Storage | E32: 245 | F32: 245 | G32: 0 | H32: 35 | I32: 35 | J32: 0 | K32: 30 | L32: 30 | M32: 0 | N32: 142 | O32: 142 | P32: 0 | Q32: 673 | R32: 669 | S32: 4 | T32: 389 | U32: 389 | V32: 0 | W32: 1514 | X32: 1510 | Y32: 4
C33: 5 | D33: Postal and Electronic Telegraph Services | E33: 1040 | F33: 1003 | G33: 37 | H33: 4 | I33: 4 | J33: 0 | K33: 10 | L33: 10 | M33: 0 | N33: 27 | O33: 27 | P33: 0 | Q33: 55 | R33: 54 | S33: 1 | T33: 149 | U33: 148 | V33: 1 | W33: 1285 | X33: 1246 | Y33: 39
C34: 6 | D34: Messengers and Porter | E34: 172 | F34: 170 | G34: 2 | H34: 29 | I34: 19 | J34: 1 | K34: 18 | L34: 15 | M34: 3 | N34: 11 | O34: 11 | P34: 0 | Q34: 86 | R34: 82 | S34: 4 | T34: 216 | U34: 208 | V34: 8 | W34: 523 | X34: 505 | Y34: 18
A36: IV. | B36: VII. | C36: 1 | D36: Engaged in Agriculture Pursuits and Pastoral Pursuits | E36: 72645 | F36: 58064 | G36: 14581 | H36: 188 | I36: 171 | J36: 14 | K36: 16506 | L36: 13250 | M36: 3256 | N36: 142388 | O36: 66913 | P36: 75475 | Q36: 382397 | R36: 195171 | S36: 187226 | T36: 52100 | U36: 43868 | V36: 8232 | W36: 666224 | X36: 377440 | Y36: 288784
C37: 2 | D37: Engaged in Woods and Forests | E37: 971 | F37: 966 | G37: 5 | H37: 76 | I37: 76 | J37: 0 | K37: 175 | L37: 175 | M37: 0 | N37: 65 | O37: 62 | P37: 3 | Q37: 335 | R37: 305 | S37: 30 | T37: 612 | U37: 601 | V37: 11 | W37: 2234 | X37: 2185 | Y37: 49
C38: 3 | D38: Engaged on Land (not cultivating or grazing) | E38: 21 | F38: 21 | G38: 0 | H38: 0 | I38: 0 | J38: 0 | K38: 6 | L38: 6 | M38: 0 | N38: 6 | O38: 6 | P38: 0 | Q38: 29 | R38: 29 | S38: 0 | T38: 6 | U38: 6 | V38: 0 | W38: 68 | X38: 68 | Y38: 0
C39: 4 | D39: Engaged about Animals | E39: 458 | F39: 458 | G39: 0 | H39: 252 | I39: 252 | J39: 0 | K39: 173 | L39: 171 | M39: 2 | N39: 484 | O39: 484 | P39: 0 | Q39: 1199 | R39: 1195 | S39: 4 | T39: 1366 | U39: 1359 | V39: 7 | W39: 3932 | X39: 3919 | Y39: 13
A41: V. | B41: VIII. | C41: 1 | D41: Engaged in Books | E41: 946 | F41: 887 | G41: 59 | H41: 8 | I41: 8 | J41: 0 | K41: 1 | L41: 1 | M41: 0 | N41: 15 | O41: 15 | P41: 0 | Q41: 34 | R41: 34 | S41: 0 | T41: 157 | U41: 141 | V41: 16 | W41: 1161 | X41: 1086 | Y41: 75
C42: 2 | D42: Engaged in Musical Instrumemts | E42: 48 | F42: 48 | G42: 0 | H42: 0 | I42: 0 | J42: 0 | K42: 0 | L42: 0 | M42: 0 | N42: 0 | O42: 0 | P42: 0 | Q42: 0 | R42: 0 | S42: 0 | T42: 1 | U42: 1 | W42: 49 | X42: 49 | Y42: 0
C43: 3 | D43: Engaged in Prints and Pictures | E43: 21 | F43: 21 | G43: 0 | H43: 0 | I43: 0 | J43: 0 | K43: 0 | L43: 0 | M43: 0 | N43: 0 | O43: 0 | P43: 0 | Q43: 0 | R43: 0 | S43: 0 | T43: 4 | U43: 1 | V43: 3 | W43: 25 | X43: 22 | Y43: 3
C44: 4 | D44: Engaged in Carving and Figures | E44: 4 | F44: 4 | G44: 0 | H44: 0 | I44: 0 | J44: 0 | K44: 0 | L44: 0 | M44: 0 | N44: 0 | O44: 0 | P44: 0 | Q44: 0 | R44: 0 | S44: 0 | T44: 0 | U44: 0 | V44: 0 | W44: 4 | X44: 4 | Y44: 0
C45: 5 | D45: Engaged in Designs | E45: 15 | F45: 15 | G45: 0 | H45: 0 | I45: 0 | J45: 0 | K45: 0 | L45: 0 | M45: 0 | N45: 0 | O45: 0 | P45: 0 | Q45: 0 | R45: 0 | S45: 0 | T45: 0 | U45: 0 | V45: 0 | W45: 15 | X45: 15 | Y45: 0
C46: 6 | D46: Engaged in Watches | E46: 205 | F46: 205 | G46: 0 | H46: 3 | I46: 3 | J46: 0 | K46: 0 | L46: 0 | M46: 0 | N46: 0 | O46: 0 | P46: 0 | Q46: 0 | R46: 0 | S46: 0 | T46: 7 | U46: 7 | W46: 215 | X46: 215 | Y46: 0
C47: 7 | D47: Engaged in Surgical Instruments | E47: 6 | F47: 6 | G47: 0 | H47: 0 | I47: 0 | J47: 0 | K47: 0 | L47: 0 | M47: 0 | N47: 0 | O47: 0 | P47: 0 | Q47: 0 | R47: 0 | S47: 0 | T47: 0 | U47: 0 | V47: 0 | W47: 6 | X47: 6 | Y47: 0
C48: 8 | D48: Engaged in Arms | E48: 52 | F48: 52 | G48: 0 | H48: 0 | I48: 0 | J48: 0 | K48: 0 | L48: 0 | M48: 0 | N48: 0 | O48: 0 | P48: 0 | Q48: 2 | R48: 2 | S48: 0 | T48: 0 | U48: 0 | V48: 0 | W48: 54 | X48: 54 | Y48: 0
C49: 9 | D49: Engaged in Working and Dealing in Machine - Tools - and Implements | E49: 588 | F49: 587 | G49: 1 | H49: 0 | I49: 0 | J49: 0 | K49: 0 | L49: 0 | M49: 0 | N49: 0 | O49: 0 | P49: 0 | Q49: 1 | R49: 1 | S49: 0 | T49: 28 | U49: 27 | V49: 1 | W49: 617 | X49: 615 | Y49: 2
C50: 10 | D50: Engaged in Carriages, Implements, and Harnesses | E50: 2150 | F50: 2144 | G50: 6 | H50: 157 | I50: 156 | J50: 1 | K50: 21 | L50: 21 | M50: 0 | N50: 42 | O50: 42 | P50: 0 | Q50: 38 | R50: 38 | S50: 0 | T50: 965 | U50: 959 | V50: 6 | W50: 3373 | X50: 3360 | Y50: 13
C51: 11 | D51: Engaged in Ships and Boats | E51: 147 | F51: 147 | G51: 0 | H51: 7 | I51: 7 | J51: 0 | K51: 2 | L51: 2 | M51: 0 | N51: 0 | O51: 0 | P51: 0 | Q51: 2 | R51: 2 | S51: 0 | T51: 30 | U51: 30 | W51: 188 | X51: 188 | Y51: 0
C52: 12 | D52: Engaged in Furniture | E52: 305 | F52: 287 | G52: 18 | H52: 25 | I52: 22 | J52: 3 | K52: 0 | L52: 0 | M52: 0 | N52: 0 | O52: 0 | P52: 0 | Q52: 1 | R52: 1 | S52: 0 | T52: 89 | U52: 82 | V52: 7 | W52: 420 | X52: 392 | Y52: 28
B54: IX. | C54: 1 | D54: Engaged in the Construction and Repair of Railways | E54: 1204 | F54: 1204 | G54: 0 | H54: 2 | I54: 2 | J54: 0 | K54: 256 | L54: 256 | M54: 0 | N54: 1057 | O54: 1056 | P54: 1 | Q54: 3880 | R54: 3876 | S54: 4 | T54: 1215 | U54: 1209 | V54: 6 | W54: 7614 | X54: 7603 | Y54: 11
C55: 2 | D55: Engaged in the Construction and Repair of Roads, Harbours, Bridges, Earthworks, Waterworks and Houses and Buildings | E55: 5957 | F55: 5953 | G55: 4 | H55: 1181 | I55: 1180 | J55: 1 | K55: 229 | L55: 224 | M55: 5 | N55: 275 | O55: 274 | P55: 1 | Q55: 1120 | R55: 1120 | S55: 0 | T55: 4346 | U55: 4333 | V55: 13 | W55: 13108 | X55: 13084 | Y55: 24
C56: 3 | D56: Engaged in the Construction and Repair of Water and Irrigation Works | E56: 252 | F56: 252 | G56: 0 | H56: 0 | I56: 0 | J56: 0 | K56: 53 | L56: 52 | M56: 1 | N56: 13 | O56: 13 | P56: 0 | Q56: 106 | R56: 106 | S56: 0 | T56: 247 | U56: 239 | V56: 8 | W56: 671 | X56: 662 | Y56: 9
C57: 4 | D57: Persons engaged in the Disposal of Dead Matter and Refuse | E57: 84 | F57: 83 | G57: 1 | H57: 18 | I57: 18 | J57: 0 | K57: 3 | L57: 3 | M57: 0 | N57: 0 | O57: 0 | P57: 0 | Q57: 19 | R57: 19 | S57: 0 | T57: 63 | U57: 60 | V57: 3 | W57: 187 | X57: 183 | Y57: 4
B59: X. | C59: 1 | D59: Dealing in Textile Fabrics | E59: 1355 | F59: 987 | G59: 368 | H59: 4 | I59: 3 | J59: 1 | K59: 3 | L59: 2 | M59: 1 | N59: 0 | O59: 0 | P59: 0 | Q59: 3 | R59: 3 | T59: 43 | U59: 30 | V59: 13 | W59: 1408 | X59: 1025 | Y59: 383
C60: 2 | D60: Dealing in Dress | E60: 4667 | F60: 1365 | G60: 3302 | H60: 603 | I60: 510 | J60: 93 | K60: 45 | L60: 16 | M60: 29 | N60: 61 | O60: 31 | P60: 30 | Q60: 49 | R60: 34 | S60: 15 | T60: 1584 | U60: 736 | V60: 848 | W60: 7009 | X60: 2692 | Y60: 4317
C61: 3 | D61: Dealing in Fibrous Materials | E61: 20 | F61: 19 | G61: 1 | H61: 0 | I61: 0 | J61: 0 | K61: 5 | L61: 0 | M61: 5 | N61: 2 | O61: 0 | P61: 2 | Q61: 0 | R61: 0 | S61: 0 | T61: 24 | U61: 5 | V61: 19 | W61: 51 | X61: 24 | Y61: 27
B63: XI. | C63: 1 | D63: Dealing in Animal Food | E63: 1123 | F63: 1035 | G63: 88 | H63: 141 | I63: 121 | J63: 20 | K63: 85 | L63: 75 | M63: 10 | N63: 21 | O63: 14 | P63: 7 | Q63: 255 | R63: 154 | S63: 101 | T63: 648 | U63: 588 | V63: 60 | W63: 2273 | X63: 1987 | Y63: 286
C64: 2 | D64: Dealing in Vegetable Food | E64: 1812 | F64: 1571 | G64: 241 | H64: 98 | I64: 65 | J64: 33 | K64: 31 | L64: 29 | M64: 2 | N64: 12 | O64: 8 | P64: 4 | Q64: 101 | R64: 87 | S64: 14 | T64: 806 | U64: 706 | V64: 100 | W64: 2860 | X64: 2466 | Y64: 394
C65: 3 | D65: Dealing in Drinks and Stimulants | E65: 1028 | F65: 899 | G65: 129 | H65: 39 | I65: 30 | J65: 0 | K65: 7 | L65: 4 | M65: 3 | N65: 12 | O65: 12 | P65: 0 | Q65: 47 | R65: 42 | S65: 5 | T65: 361 | U65: 314 | V65: 47 | W65: 1494 | X65: 1310 | Y65: 184
B67: XII. | C67: 1 | D67: Dealing in Animal Matters | E67: 709 | F67: 672 | G67: 37 | H67: 17 | I67: 13 | J67: 4 | K67: 96 | L67: 70 | M67: 26 | N67: 60 | O67: 47 | P67: 13 | Q67: 366 | R67: 252 | S67: 114 | T67: 496 | U67: 427 | V67: 69 | W67: 1744 | X67: 1481 | Y67: 263
C68: 2 | D68: Dealing in Vegetable Matters | E68: 583 | F68: 527 | G68: 56 | H68: 174 | I68: 163 | J68: 11 | K68: 169 | L68: 151 | M68: 18 | N68: 45 | O68: 44 | P68: 1 | Q68: 230 | R68: 220 | S68: 10 | T68: 817 | U68: 650 | V68: 167 | W68: 2018 | X68: 1755 | Y68: 263
B70: XIII. | C70: 1 | D70: Engaged in Mining | E70: 2616 | F70: 2566 | G70: 50 | H70: 4 | I70: 4 | J70: 0 | K70: 293 | L70: 284 | M70: 9 | N70: 620 | O70: 619 | P70: 1 | Q70: 8326 | R70: 8293 | S70: 33 | T70: 1271 | U70: 1194 | V70: 77 | W70: 13130 | X70: 12960 | Y70: 170
C71: 2 | D71: Engaged in Coal | E71: 42 | F71: 42 | G71: 0 | H71: 1 | I71: 1 | J71: 0 | K71: 5 | L71: 4 | M71: 1 | N71: 7 | O71: 7 | P71: 0 | Q71: 15 | R71: 6 | S71: 9 | T71: 39 | U71: 39 | V71: 0 | W71: 109 | X71: 99 | Y71: 10
C72: 3 | D72: Engaged in Stone, Clay, and Glass | E72: 396 | F72: 382 | G72: 14 | H72: 41 | I72: 41 | J72: 0 | K72: 137 | L72: 134 | M72: 3 | N72: 45 | O72: 44 | P72: 1 | Q72: 229 | R72: 229 | S72: 0 | T72: 708 | U72: 692 | V72: 16 | W72: 1556 | X72: 1522 | Y72: 34
C73: 4 | D73: Engaged in Salt | E73: 52 | F73: 46 | G73: 6 | H73: 2 | I73: 1 | J73: 1 | K73: 28 | L73: 24 | M73: 4 | N73: 3 | O73: 2 | P73: 1 | Q73: 28 | R73: 23 | S73: 5 | T73: 88 | U73: 76 | V73: 12 | W73: 201 | X73: 172 | Y73: 29
C74: 5 | D74: Engaged in Water | E74: 58 | F74: 58 | G74: 0 | H74: 6 | I74: 6 | J74: 0 | K74: 9 | L74: 8 | M74: 1 | N74: 0 | O74: 0 | P74: 0 | Q74: 9 | R74: 7 | S74: 2 | T74: 44 | U74: 40 | V74: 4 | W74: 126 | X74: 119 | Y74: 7
C75: 6 | D75: Engaged in Gold, Silver, and Diamonds | E75: 149 | F75: 144 | G75: 5 | H75: 0 | I75: 0 | J75: 0 | K75: 0 | L75: 0 | M75: 0 | N75: 0 | O75: 0 | P75: 0 | Q75: 1 | R75: 1 | S75: 0 | T75: 9 | U75: 8 | V75: 1 | W75: 159 | X75: 153 | Y75: 6
C76: 7 | D76: Dealing in Metals other than Gold or Silver | E76: 2274 | F76: 2270 | G76: 4 | H76: 23 | I76: 23 | J76: 0 | K76: 50 | L76: 50 | M76: 0 | N76: 71 | O76: 71 | P76: 0 | Q76: 138 | R76: 138 | S76: 0 | T76: 749 | U76: 749 | V76: 0 | W76: 3305 | X76: 3301 | Y76: 4
B78: XVI. | C78: 1 | D78: Persons engaged in Mechanical Operations or Labour, the nature of which is undefined | E78: 2309 | F78: 2269 | G78: 40 | H78: 292 | I78: 287 | J78: 5 | K78: 901 | L78: 812 | M78: 89 | N78: 547 | O78: 526 | P78: 21 | Q78: 4054 | R78: 3914 | S78: 140 | T78: 4653 | U78: 4367 | V78: 286 | W78: 12756 | X78: 12175 | Y78: 581
A80: VI. | B80: XV. | C80: 1 | D80: Persons of Independent Means | E80: 1538 | F80: 942 | G80: 596 | H80: 14 | I80: 6 | J80: 8 | K80: 13 | L80: 8 | M80: 5 | N80: 8 | O80: 8 | P80: 0 | Q80: 41 | R80: 39 | S80: 2 | T80: 84 | U80: 51 | V80: 33 | W80: 1698 | X80: 1054 | Y80: 644
C81: 2 | D81: Persons of Imperfectly Defined Pursuits | E81: 2318 | F81: 292 | G81: 2026 | H81: 29 | I81: 1 | J81: 28 | K81: 380 | L81: 19 | M81: 361 | N81: 156 | O81: 8 | P81: 148 | Q81: 1208 | R81: 140 | S81: 1068 | T81: 1828 | U81: 434 | V81: 1394 | W81: 5919 | X81: 894 | Y81: 5025
C82: 3 | D82: Persons Returned as of no Occupation | E82: 1041 | F82: 552 | G82: 489 | H82: 77 | I82: 47 | J82: 30 | K82: 470 | L82: 137 | M82: 333 | N82: 138 | O82: 62 | P82: 76 | Q82: 882 | R82: 269 | S82: 613 | T82: 1157 | U82: 466 | V82: 691 | W82: 3765 | X82: 1533 | Y82: 2232
A84: VII. | B84: XVI. | C84: 1 | D84: Students, Scholars and Children | E84: 154742 | F84: 77407 | G84: 77335 | H84: 4974 | I84: 2450 | J84: 2524 | K84: 14258 | L84: 7153 | M84: 7105 | N84: 75266 | O84: 35597 | P84: 39669 | Q84: 162109 | R84: 79394 | S84: 82715 | T84: 93648 | U84: 46134 | V84: 47511 | W84: 504997 | X84: 248135 | Y84: 256862
B86: XVII. | C86: 1 | D86: Persons Supported from Voluntary Sources and Public Revenue | E86: 164 | F86: 78 | G86: 86 | H86: 4 | I86: 2 | J86: 2 | K86: 348 | L86: 126 | M86: 222 | N86: 79 | O86: 44 | P86: 35 | Q86: 603 | R86: 291 | S86: 312 | T86: 666 | U86: 264 | V86: 402 | W86: 1864 | X86: 805 | Y86: 1059
C87: 2 | D87: Criminal Classes | E87: 427 | F87: 410 | G87: 17 | H87: 42 | I87: 34 | J87: 8 | K87: 805 | L87: 745 | M87: 60 | N87: 209 | O87: 196 | P87: 13 | Q87: 1546 | R87: 1518 | S87: 28 | T87: 859 | U87: 692 | V87: 167 | W87: 3888 | X87: 3595 | Y87: 293
A89: VIII. | B89: XVIII. | C89: 1 | D89: Persons whose Occupation is Unknown or Unspecified | E89: 2192 | F89: 1167 | G89: 1025 | H89: 110 | I89: 66 | J89: 44 | K89: 734 | L89: 309 | M89: 425 | N89: 490 | O89: 222 | P89: 268 | Q89: 2136 | R89: 938 | S89: 1198 | T89: 2026 | U89: 995 | V89: 1031 | W89: 7688 | X89: 3597 | Y89: 3991

Sheet 1904
A1: TABLE VII.. - OCCUPATIONS. - Shewing the Occupations of the Population of the Colony, according to the Censuses of 1904
A2: CLASS. | B2: ORDER. | C2: SUB-ORDER. | D2: OCCUPATIONS | E2: TOTAL. | H2: EUROPEAN OR WHITE. | K2: Malay | N2: Hottentot. | Q2: Fingo. | T2: Kafir and Bechuana | W2: Mixed and Other.
E3: Persons. | F3: Males. | G3: Females | H3: Persons. | I3: Males. | J3: Females | K3: Persons. | L3: Males. | M3: Females | N3: Persons. | O3: Males. | P3: Females | Q3: Persons. | R3: Males. | S3: Females | T3: Persons. | U3: Males. | V3: Females | W3: Persons. | X3: Males. | Y3: Females
D5: Total Population | E5: 2409805 | F5: 2118940 | G5: 1190864 | H5: 579741 | I5: 318544 | J5: 261197 | K5: 15682 | L5: 7882 | M5: 7800 | N5: 91260 | O5: 47027 | P5: 44233 | Q5: 310720 | R5: 147286 | S5: 163434 | T5: 1115067 | U5: 545442 | V5: 568625 | W5: 298334 | X5: 152759 | Y5: 145575 | AA5: European/White working age male population
AB6: 1904 | AC6: 19.04
A7: I. | B7: I. | C7: 1 | D7: Officers of General Government | E7: 7916 | F7: 7774 | G7: 142 | H7: 5906 | I7: 5776 | J7: 130 | K7: 2 | L7: 2 | M7: 0 | N7: 23 | O7: 22 | P7: 2 | Q7: 523 | R7: 521 | S7: 2 | T7: 1287 | U7: 1285 | V7: 2 | W7: 175 | X7: 168 | Y7: 7 | AA7: White collar | AB7: =I7+I8+I9+I11+I12+I13+I14+I15+I16+I17+I18+I19+I20+I24+I27+I29+I31+I30+I33+I32+I41+I42+I43+I44+I45+I46+I47+I48+I49+I50+I51+I52+I53 -> 76068 | AC7: =AB7/$AB$11*100 -> 36.969824
C8: 2 | D8: Officers of Local Government | E8: 540 | F8: 533 | G8: 7 | H8: 518 | I8: 512 | J8: 6 | K8: 1 | L8: 1 | M8: 0 | N8: 2 | O8: 2 | P8: 0 | Q8: 1 | R8: 1 | S8: 0 | T8: 4 | U8: 4 | V8: 0 | W8: 14 | X8: 13 | Y8: 1 | AA8: Farmer | AB8: =I36+I37+I38+I39 -> 72802 | AC8: =AB8/$AB$11*100 -> 35.382514
C9: 3 | D9: Engaged in Defence | E9: 9994 | F9: 9994 | G9: 0 | H9: 9713 | I9: 9713 | J9: 0 | K9: 2 | L9: 2 | M9: 0 | N9: 8 | O9: 8 | P9: 0 | Q9: 12 | R9: 12 | S9: 0 | T9: 53 | U9: 53 | V9: 0 | W9: 206 | X9: 206 | Y9: 0 | AA9: Skilled/semi-skilled | AB9: =I55+I56+I57+I58+I60+I61+I62+I64+I65+I66+I68+I69+I71++I72+I73+I74+I75+I76+I77 -> 45651 | AC9: =AB9/$AB$11*100 -> 22.186851
AA10: Unskilled | AB10: =I79+I25+I34 -> 11236 | AC10: =AB10/$AB$11*100 -> 5.4608106
B11: II. | C11: 1 | D11: Clergymen, Ministers, and Church Officers | E11: 2122 | F11: 1782 | G11: 340 | H11: 1480 | I11: 1151 | J11: 329 | K11: 37 | L11: 37 | M11: 0 | N11: 10 | O11: 9 | P11: 1 | Q11: 232 | R11: 228 | S11: 4 | T11: 299 | U11: 297 | V11: 2 | W11: 64 | X11: 60 | Y11: 4 | AA11: Total working age | AB11: =SUM(AB7:AB10) -> 205757 | AC11: =AB11/$AB$11*100 -> 100
C12: 2 | D12: Law Court Officers, Barristers, Attorneys and Law Agents and Immediate Subordinates | E12: 1647 | F12: 1635 | G12: 12 | H12: 1511 | I12: 1500 | J12: 11 | K12: 0 | L12: 0 | M12: 0 | N12: 1 | O12: 1 | P12: 0 | Q12: 51 | R12: 50 | S12: 1 | T12: 71 | U12: 71 | V12: 0 | W12: 13 | X12: 13 | Y12: 0
C13: 3 | D13: Physicians, Surgeons, Chemists, &c. | E13: 3161 | F13: 1822 | G13: 1339 | H13: 2546 | I13: 1597 | J13: 949 | K13: 14 | L13: 1 | M13: 13 | N13: 40 | O13: 4 | P13: 36 | Q13: 63 | R13: 51 | S13: 12 | T13: 195 | U13: 136 | V13: 59 | W13: 303 | X13: 33 | Y13: 270
C14: 4 | D14: Literary Persons | E14: 925 | F14: 307 | G14: 618 | H14: 896 | I14: 279 | J14: 617 | K14: 0 | L14: 0 | M14: 0 | N14: 0 | O14: 0 | P14: 0 | Q14: 3 | R14: 3 | T14: 8 | U14: 8 | V14: 0 | W14: 18 | X14: 17 | Y14: 1
C15: 5 | D15: Scientific Persons | E15: 48 | F15: 48 | G15: 0 | H15: 48 | I15: 48 | J15: 0 | K15: 0 | L15: 0 | M15: 0 | N15: 0 | O15: 0 | P15: 0 | Q15: 0 | R15: 0 | S15: 0 | T15: 0 | U15: 0 | V15: 0 | W15: 0 | X15: 0 | Y15: 0
C16: 6 | D16: Engineering, Surveying and Architechture | E16: 1598 | F16: 1595 | G16: 3 | H16: 1583 | I16: 1580 | J16: 3 | K16: 0 | L16: 0 | M16: 0 | N16: 0 | O16: 0 | P16: 0 | Q16: 0 | R16: 0 | S16: 0 | T16: 0 | U16: 0 | V16: 0 | W16: 15 | X16: 15 | Y16: 0
C17: 7 | D17: Teachers, &c. | E17: 8548 | F17: 2492 | G17: 6056 | H17: 6257 | I17: 1393 | J17: 4864 | K17: 10 | L17: 8 | M17: 2 | N17: 24 | O17: 8 | P17: 16 | Q17: 1053 | R17: 486 | S17: 567 | T17: 806 | U17: 460 | V17: 346 | W17: 389 | X17: 137 | Y17: 261
C18: 8 | D18: Artists | E18: 591 | F18: 495 | G18: 96 | H18: 579 | I18: 485 | J18: 94 | K18: 0 | L18: 0 | M18: 0 | N18: 0 | O18: 0 | P18: 0 | Q18: 0 | R18: 0 | S18: 0 | T18: 0 | U18: 0 | V18: 0 | W18: 12 | X18: 10 | Y18: 2
C19: 9 | D19: Musicians, Music Teachers | E19: 750 | F19: 248 | G19: 502 | H19: 737 | I19: 243 | J19: 494 | K19: 0 | L19: 0 | M19: 0 | N19: 0 | O19: 0 | P19: 0 | Q19: 0 | R19: 0 | S19: 0 | T19: 1 | U19: 1 | V19: 0 | W19: 12 | X19: 4 | Y19: 8
C20: 10 | D20: Persons ministering to Amusement | E20: 471 | F20: 375 | G20: 96 | H20: 428 | I20: 334 | J20: 94 | K20: 0 | L20: 0 | M20: 0 | N20: 0 | O20: 0 | P20: 0 | Q20: 0 | R20: 0 | S20: 0 | T20: 3 | U20: 3 | V20: 0 | W20: 39 | X20: 37 | Y20: 2
A22: II. | B22: III. | D22: Wives, Widows, Daughters, and other Relatives engaged in Domestic Duties | E22: 176874 | F22: 299 | G22: 176575 | H22: 85468 | I22: 86 | J22: 85382 | K22: 2784 | L22: 7 | M22: 2777 | N22: 11254 | O22: 31 | P22: 11223 | Q22: 4505 | R22: 15 | S22: 4490 | T22: 28100 | U22: 72 | V22: 28028 | W22: 44763 | X22: 88 | Y22: 44675
B24: IV. | C24: 1 | D24: Engaged in Board and Lodging | E24: 3298 | F24: 1695 | G24: 1603 | H24: 3047 | I24: 1571 | J24: 1476 | K24: 1 | L24: 1 | M24: 0 | N24: 1 | O24: 1 | P24: 0 | Q24: 63 | R24: 23 | S24: 40 | T24: 98 | U24: 53 | V24: 45 | W24: 88 | X24: 46 | Y24: 42
C25: 2 | D25: Engaged in Attendance | E25: 98598 | F25: 15201 | G25: 83397 | H25: 10804 | I25: 2976 | J25: 7828 | K25: 1998 | L25: 174 | M25: 1824 | N25: 13468 | O25: 1574 | P25: 11912 | Q25: 4623 | R25: 629 | S25: 3994 | T25: 29408 | U25: 4437 | V25: 24971 | W25: 38279 | X25: 5411 | Y25: 32868
A27: III. | B27: V. | C27: 1 | D27: Engaged in Merchantile Pursuits | E27: 33008 | F27: 29811 | G27: 3197 | H27: 28095 | I27: 25214 | J27: 2881 | K27: 319 | L27: 304 | M27: 15 | N27: 48 | O27: 47 | P27: 1 | Q27: 131 | R27: 112 | S27: 19 | T27: 380 | U27: 356 | V27: 24 | W27: 4035 | X27: 3778 | Y27: 257
B29: VI. | C29: 1 | D29: Carriers on Railways | E29: 8013 | F29: 7968 | G29: 45 | H29: 6771 | I29: 6738 | J29: 33 | K29: 11 | L29: 11 | M29: 0 | N29: 78 | O29: 77 | P29: 1 | Q29: 91 | R29: 90 | S29: 1 | T29: 412 | U29: 411 | V29: 1 | W29: 650 | X29: 641 | Y29: 9
C30: 2 | D30: Carriers on Roads | E30: 12987 | F30: 12951 | G30: 36 | H30: 3998 | I30: 3976 | J30: 22 | K30: 566 | L30: 564 | M30: 2 | N30: 615 | O30: 615 | P30: 0 | Q30: 922 | R30: 922 | S30: 0 | T30: 2505 | U30: 2504 | V30: 1 | W30: 4381 | X30: 4370 | Y30: 11
C31: 3 | D31: Carriers on Seas and Rivers | E31: 4807 | F31: 4790 | G31: 17 | H31: 4033 | I31: 4016 | J31: 17 | K31: 12 | L31: 12 | M31: 0 | N31: 20 | O31: 20 | P31: 0 | Q31: 6 | R31: 6 | S31: 0 | T31: 72 | U31: 72 | V31: 0 | W31: 664 | X31: 664 | Y31: 0
C32: 4 | D32: Engaged in Storage | E32: 5331 | F32: 5326 | G32: 5 | H32: 245 | I32: 245 | K32: 38 | L32: 38 | M32: 0 | N32: 227 | O32: 227 | P32: 0 | Q32: 793 | R32: 791 | S32: 2 | T32: 2647 | U32: 2647 | V32: 0 | W32: 1381 | X32: 1378 | Y32: 3
C33: 5 | D33: Postal and Electronic Telegraph Services | E33: 3406 | F33: 3261 | G33: 145 | H33: 2859 | I33: 2721 | J33: 138 | K33: 16 | L33: 16 | M33: 0 | N33: 32 | O33: 31 | P33: 1 | Q33: 47 | R33: 47 | S33: 0 | T33: 141 | U33: 136 | V33: 5 | W33: 311 | X33: 310 | Y33: 1
C34: 6 | D34: Messengers and Porter | E34: 1723 | F34: 1705 | G34: 18 | H34: 749 | I34: 740 | J34: 9 | K34: 39 | L34: 38 | M34: 1 | N34: 46 | O34: 46 | P34: 0 | Q34: 65 | R34: 65 | S34: 0 | T34: 239 | U34: 234 | V34: 5 | W34: 585 | X34: 582 | Y34: 3
A36: IV. | B36: VII. | C36: 1 | D36: Engaged in Agriculture Pursuits and Pastoral Pursuits | E36: 1002264 | F36: 517053 | G36: 485211 | H36: 108638 | I36: 70278 | J36: 38360 | K36: 204 | L36: 186 | M36: 18 | N36: 25025 | O36: 20347 | P36: 4678 | Q36: 172286 | R36: 77814 | S36: 94472 | T36: 650622 | U36: 310366 | V36: 340256 | W36: 45489 | X36: 38062 | Y36: 7427
C37: 2 | D37: Engaged in Woods and Forests | E37: 2361 | F37: 2344 | G37: 17 | H37: 906 | I37: 905 | J37: 1 | K37: 45 | L37: 45 | M37: 0 | N37: 147 | O37: 146 | P37: 1 | Q37: 84 | R37: 84 | S37: 0 | T37: 531 | U37: 518 | V37: 13 | W37: 648 | X37: 646 | Y37: 2
C38: 3 | D38: Engaged on Land (not cultivating or grazing) | E38: 124 | F38: 123 | G38: 1 | H38: 16 | I38: 15 | J38: 1 | K38: 0 | L38: 0 | M38: 0 | N38: 16 | O38: 16 | P38: 0 | Q38: 3 | R38: 3 | S38: 0 | T38: 78 | U38: 78 | V38: 0 | W38: 11 | X38: 11 | Y38: 0
C39: 4 | D39: Engaged about Animals | E39: 4725 | F39: 4708 | G39: 17 | H39: 1615 | I39: 1604 | J39: 11 | K39: 287 | L39: 286 | M39: 1 | N39: 196 | O39: 195 | P39: 1 | Q39: 166 | R39: 166 | S39: 0 | T39: 568 | U39: 568 | V39: 0 | W39: 1893 | X39: 1889 | Y39: 4
A41: V. | B41: VIII. | C41: 1 | D41: Engaged in Books | E41: 2105 | F41: 1886 | G41: 219 | H41: 1728 | I41: 1560 | J41: 168 | K41: 15 | L41: 13 | M41: 2 | N41: 1 | O41: 1 | P41: 0 | Q41: 34 | R41: 34 | S41: 0 | T41: 36 | U41: 36 | V41: 0 | W41: 291 | X41: 212 | Y41: 49
C42: 2 | D42: Engaged in Musical Instrumemts | E42: 121 | F42: 113 | G42: 8 | H42: 121 | I42: 113 | J42: 8 | K42: 0 | L42: 0 | M42: 0 | N42: 0 | O42: 0 | P42: 0 | Q42: 0 | R42: 0 | S42: 0 | T42: 0 | U42: 0 | V42: 0 | W42: 0 | X42: 0 | Y42: 0
C43: 3 | D43: Engaged in Prints and Pictures | E43: 36 | F43: 33 | G43: 3 | H43: 34 | I43: 31 | J43: 3 | K43: 0 | L43: 0 | M43: 0 | N43: 0 | O43: 0 | P43: 0 | Q43: 0 | R43: 0 | S43: 0 | T43: 0 | U43: 0 | V43: 0 | W43: 0 | X43: 0 | Y43: 0
C44: 4 | D44: Engaged in Carving and Figures | E44: 80 | F44: 77 | G44: 3 | H44: 56 | I44: 54 | J44: 2 | K44: 0 | L44: 0 | M44: 0 | N44: 0 | O44: 0 | P44: 0 | Q44: 2 | R44: 2 | S44: 0 | T44: 3 | U44: 3 | V44: 0 | W44: 19 | X44: 18 | Y44: 1
C45: 5 | D45: Engaged in Designs | E45: 91 | F45: 90 | G45: 1 | H45: 87 | I45: 84 | J45: 3 | K45: 0 | L45: 0 | M45: 0 | N45: 0 | O45: 0 | P45: 0 | Q45: 0 | R45: 0 | S45: 0 | T45: 0 | U45: 0 | V45: 0 | W45: 0 | X45: 0 | Y45: 0
C46: 6 | D46: Engaged in Watches | E46: 123 | F46: 121 | G46: 2 | H46: 104 | I46: 102 | J46: 2 | K46: 0 | L46: 0 | M46: 0 | N46: 0 | O46: 0 | P46: 0 | Q46: 2 | R46: 2 | S46: 0 | T46: 0 | U46: 0 | V46: 0 | W46: 16 | X46: 16 | Y46: 0
C47: 7 | D47: Engaged in Surgical Instruments | E47: 12 | F47: 12 | G47: 0 | H47: 12 | I47: 12 | J47: 0 | K47: 0 | L47: 0 | M47: 0 | N47: 0 | O47: 0 | P47: 0 | Q47: 0 | R47: 0 | S47: 0 | T47: 0 | U47: 0 | V47: 0 | W47: 0 | X47: 0 | Y47: 0
C48: 8 | D48: Engaged in Arms | E48: 986 | F48: 986 | G48: 0 | H48: 136 | I48: 136 | J48: 0 | K48: 0 | L48: 0 | M48: 0 | N48: 0 | O48: 0 | P48: 0 | Q48: 509 | R48: 509 | S48: 0 | T48: 299 | U48: 299 | V48: 0 | W48: 12 | X48: 12 | Y48: 0
C49: 9 | D49: Engaged in Working and Dealing in Machine - Tools - and Implements | E49: 1211 | F49: 1211 | G49: 0 | H49: 1111 | I49: 1111 | J49: 0 | K49: 1 | L49: 1 | M49: 0 | N49: 0 | O49: 0 | P49: 0 | Q49: 3 | R49: 3 | S49: 0 | T49: 10 | U49: 10 | V49: 0 | W49: 53 | X49: 53 | Y49: 0
C50: 10 | D50: Engaged in Carriages, Implements, and Harnesses | E50: 3597 | F50: 3587 | G50: 10 | H50: 2420 | I50: 2414 | J50: 6 | K50: 131 | L50: 130 | M50: 1 | N50: 24 | O50: 23 | P50: 1 | Q50: 17 | R50: 17 | T50: 18 | U50: 18 | V50: 0 | W50: 927 | X50: 925 | Y50: 2
C51: 11 | D51: Engaged in Ships and Boats | E51: 665 | F51: 664 | G51: 1 | H51: 543 | I51: 542 | J51: 1 | K51: 5 | L51: 5 | M51: 0 | N51: 1 | O51: 1 | P51: 0 | Q51: 0 | R51: 0 | S51: 0 | T51: 3 | U51: 3 | V51: 0 | W51: 113 | X51: 113 | Y51: 0
C52: 12 | D52: Engaged in Furniture | E52: 1080 | F52: 1050 | G52: 30 | H52: 838 | I52: 815 | J52: 23 | K52: 19 | L52: 19 | M52: 0 | N52: 1 | O52: 1 | P52: 0 | Q52: 0 | R52: 0 | S52: 0 | T52: 5 | U52: 5 | V52: 0 | W52: 187 | X52: 180 | Y52: 7
C53: 13 | D53: Engaged in Chemicals | E53: 3 | F53: 2 | G53: 1 | H53: 2 | I53: 2 | J53: 0 | K53: 0 | L53: 0 | M53: 0 | N53: 0 | O53: 0 | P53: 0 | Q53: 0 | R53: 0 | S53: 0 | T53: 0 | U53: 0 | V53: 0 | W53: 1 | X53: 0 | Y53: 1
B55: IX. | C55: 1 | D55: Engaged in the Construction and Repair of Railways | E55: 18360 | F55: 18356 | G55: 4 | H55: 4353 | I55: 4351 | J55: 2 | K55: 17 | L55: 17 | M55: 0 | N55: 986 | O55: 986 | P55: 0 | Q55: 1532 | R55: 1532 | S55: 0 | T55: 8260 | U55: 8260 | V55: 0 | W55: 3212 | X55: 3210 | Y55: 2
C56: 2 | D56: Engaged in the Construction and Repair of Roads, Harbours, Bridges, Earthworks, Waterworks and Houses and Buildings | E56: 38636 | F56: 38624 | G56: 12 | H56: 18196 | I56: 18190 | J56: 6 | K56: 1516 | L56: 1516 | M56: 0 | N56: 1042 | O56: 1041 | P56: 1 | Q56: 2121 | R56: 2121 | S56: 0 | T56: 5130 | U56: 5129 | V56: 1 | W56: 10001 | X56: 9997 | Y56: 4
C57: 3 | D57: Engaged in the Construction and Repair of Water and Irrigation Works | E57: 815 | F57: 810 | G57: 5 | H57: 105 | I57: 104 | J57: 1 | K57: 3 | L57: 3 | M57: 0 | N57: 97 | O57: 97 | P57: 1 | Q57: 15 | R57: 15 | S57: 0 | T57: 110 | U57: 110 | V57: 0 | W57: 185 | X57: 181 | Y57: 4
C58: 4 | D58: Persons engaged in the Disposal of Dead Matter and Refuse | E58: 543 | F58: 539 | G58: 4 | H58: 264 | I58: 262 | J58: 2 | K58: 5 | L58: 5 | M58: 0 | N58: 57 | O58: 56 | Q58: 8 | R58: 8 | S58: 0 | T58: 64 | U58: 63 | V58: 1 | W58: 145 | X58: 145 | Y58: 0
B60: X. | C60: 1 | D60: Dealing in Textile Fabrics | E60: 2387 | F60: 1573 | G60: 814 | H60: 2306 | I60: 1512 | J60: 791 | K60: 3 | L60: 2 | M60: 1 | N60: 2 | O60: 1 | P60: 1 | Q60: 0 | R60: 0 | S60: 0 | T60: 3 | U60: 3 | V60: 0 | W60: 73 | X60: 55 | Y60: 18
C61: 2 | D61: Dealing in Dress | E61: 16132 | F61: 1908 | G61: 5521 | H61: 7668 | I61: 3271 | J61: 4397 | K61: 399 | L61: 185 | M61: 114 | N61: 70 | O61: 41 | P61: 29 | Q61: 61 | R61: 42 | S61: 19 | T61: 110 | U61: 76 | V61: 34 | W61: 1924 | X61: 993 | Y61: 931
C62: 3 | D62: Dealing in Fibrous Materials | E62: 61 | F62: 43 | G62: 18 | H62: 41 | I62: 31 | J62: 10 | K62: 1 | L62: 1 | M62: 0 | N62: 1 | O62: 1 | P62: 0 | Q62: 3 | R62: 1 | S62: 2 | T62: 3 | U62: 3 | V62: 0 | W62: 12 | X62: 6 | Y62: 6
B64: XI. | C64: 1 | D64: Dealing in Animal Food | E64: 3356 | F64: 2998 | G64: 358 | H64: 2026 | I64: 1946 | J64: 80 | K64: 131 | L64: 120 | M64: 11 | N64: 87 | O64: 74 | P64: 13 | Q64: 29 | R64: 18 | S64: 11 | T64: 396 | U64: 218 | V64: 178 | W64: 687 | X64: 622 | Y64: 65
C65: 2 | D65: Dealing in Vegetable Food | E65: 5845 | F65: 5401 | G65: 444 | H65: 3173 | I65: 2932 | J65: 241 | K65: 149 | L65: 137 | M65: 12 | N65: 45 | O65: 39 | P65: 6 | Q65: 34 | R65: 29 | S65: 5 | T65: 238 | U65: 217 | V65: 21 | W65: 2206 | X65: 2047 | Y65: 159
C66: 3 | D66: Dealing in Drinks and Stimulants | E66: 2914 | F66: 2623 | G66: 291 | H66: 2242 | I66: 2044 | J66: 198 | K66: 35 | L66: 31 | M66: 4 | N66: 23 | O66: 17 | P66: 6 | Q66: 22 | R66: 21 | S66: 1 | T66: 87 | U66: 85 | V66: 2 | W66: 505 | X66: 425 | Y66: 80
B68: XII. | C68: 1 | D68: Dealing in Animal Matters | E68: 1123 | F68: 960 | G68: 163 | H68: 679 | I68: 578 | J68: 101 | K68: 8 | L68: 8 | M68: 0 | N68: 38 | O68: 27 | P68: 11 | Q68: 8 | R68: 7 | S68: 1 | T68: 99 | U68: 86 | V68: 13 | W68: 291 | X68: 254 | Y68: 37
C69: 2 | D69: Dealing in Vegetable Matters | E69: 1989 | F69: 1835 | G69: 154 | H69: 808 | I69: 789 | J69: 19 | K69: 115 | L69: 115 | M69: 0 | N69: 181 | O69: 135 | P69: 46 | Q69: 41 | R69: 40 | S69: 1 | T69: 163 | U69: 131 | V69: 32 | W69: 681 | X69: 625 | Y69: 56
B71: XIII. | C71: 1 | D71: Engaged in Mining | E71: 24637 | F71: 24213 | G71: 424 | H71: 3275 | I71: 3272 | J71: 3 | K71: 3 | L71: 3 | M71: 0 | N71: 795 | O71: 772 | P71: 23 | Q71: 1040 | R71: 1003 | S71: 37 | T71: 17686 | U71: 17360 | V71: 326 | W71: 1838 | X71: 1803 | Y71: 35
C72: 2 | D72: Engaged in Coal | E72: 354 | F72: 197 | G72: 157 | H72: 105 | I72: 81 | J72: 24 | K72: 5 | L72: 4 | M72: 1 | N72: 4 | O72: 0 | P72: 4 | Q72: 49 | R72: 30 | S72: 19 | T72: 125 | U72: 30 | V72: 95 | W72: 66 | X72: 52 | Y72: 14
C73: 3 | D73: Engaged in Stone, Clay, and Glass | E73: 4890 | F73: 4865 | G73: 25 | H73: 1351 | I73: 1341 | J73: 10 | K73: 53 | L73: 53 | M73: 0 | N73: 540 | O73: 538 | P73: 2 | Q73: 240 | R73: 240 | S73: 0 | T73: 1153 | U73: 1150 | V73: 3 | W73: 1553 | X73: 1543 | Y73: 10
C74: 4 | D74: Engaged in Salt | E74: 137 | F74: 114 | G74: 23 | H74: 45 | I74: 43 | J74: 2 | K74: 0 | L74: 0 | M74: 0 | N74: 32 | O74: 25 | P74: 7 | Q74: 0 | R74: 0 | S74: 0 | T74: 46 | U74: 33 | V74: 13 | W74: 14 | X74: 13 | Y74: 1
C75: 5 | D75: Engaged in Water | E75: 160 | F75: 154 | G75: 6 | H75: 48 | I75: 48 | J75: 0 | K75: 4 | L75: 4 | M75: 0 | N75: 18 | O75: 18 | P75: 0 | Q75: 9 | R75: 9 | S75: 0 | T75: 53 | U75: 47 | V75: 6 | W75: 28 | X75: 28 | Y75: 0
C76: 6 | D76: Engaged in Gold, Silver, and Diamonds | E76: 324 | F76: 309 | G76: 15 | H76: 302 | I76: 287 | J76: 15 | K76: 0 | L76: 0 | M76: 0 | N76: 0 | O76: 0 | P76: 0 | Q76: 0 | R76: 0 | S76: 0 | T76: 0 | U76: 0 | V76: 0 | W76: 22 | X76: 22 | Y76: 0
C77: 7 | D77: Dealing in Metals other than Gold or Silver | E77: 6084 | F77: 6055 | G77: 29 | H77: 4595 | I77: 4569 | J77: 26 | K77: 16 | L77: 16 | M77: 0 | N77: 112 | O77: 112 | P77: 0 | Q77: 88 | R77: 87 | S77: 1 | T77: 257 | U77: 257 | V77: 0 | W77: 1016 | X77: 1014 | Y77: 2
B79: XVI. | C79: 1 | D79: Persons engaged in Mechanical Operations or Labour, the nature of which is undefined | E79: 44429 | F79: 44151 | G79: 278 | H79: 7571 | I79: 7520 | J79: 51 | K79: 426 | L79: 425 | M79: 1 | N79: 3418 | O79: 3396 | P79: 22 | Q79: 2800 | R79: 2753 | S79: 47 | T79: 17117 | U79: 17037 | V79: 80 | W79: 13097 | X79: 13020 | Y79: 77
A81: VI. | B81: XV. | C81: 1 | D81: Persons of Independent Means | E81: 3130 | F81: 2126 | G81: 1004 | H81: 2920 | I81: 1983 | J81: 937 | K81: 18 | L81: 16 | M81: 2 | N81: 8 | O81: 4 | P81: 4 | Q81: 10 | R81: 8 | S81: 2 | T81: 46 | U81: 29 | V81: 17 | W81: 128 | X81: 86 | Y81: 42
C82: 2 | D82: Persons of Imperfectly Defined Pursuits | E82: 5700 | F82: 956 | G82: 4744 | H82: 2825 | I82: 479 | J82: 2346 | K82: 57 | L82: 1 | M82: 56 | N82: 319 | O82: 48 | P82: 271 | Q82: 215 | R82: 74 | S82: 141 | T82: 1432 | U82: 243 | V82: 1189 | W82: 852 | X82: 111 | Y82: 741
C83: 3 | D83: Persons Returned as of no Occupation | E83: 467 | F83: 260 | G83: 207 | H83: 282 | I83: 147 | J83: 135 | K83: 5 | L83: 5 | M83: 0 | N83: 26 | O83: 15 | P83: 11 | Q83: 7 | R83: 6 | S83: 1 | T83: 55 | U83: 40 | V83: 15 | W83: 92 | X83: 47 | Y83: 45
A85: VII. | B85: XVI. | C85: 1 | D85: Students, Scholars and Children | E85: 812832 | F85: 400231 | G85: 412601 | H85: 213617 | I85: 106783 | J85: 106834 | K85: 5778 | L85: 2863 | M85: 2915 | N85: 29838 | O85: 14538 | P85: 15300 | Q85: 115366 | R85: 55983 | S85: 59383 | T85: 337290 | U85: 165608 | V85: 171682 | W85: 110943 | X85: 54546 | Y85: 56487
B87: XVII. | C87: 1 | D87: Persons Supported from Voluntary Sources and Public Revenue | E87: 2914 | F87: 1546 | G87: 1368 | H87: 448 | I87: 175 | J87: 273 | K87: 12 | L87: 6 | M87: 6 | N87: 501 | O87: 261 | P87: 240 | Q87: 208 | R87: 114 | S87: 94 | T87: 1169 | U87: 682 | V87: 487 | W87: 576 | X87: 308 | Y87: 268
C88: 2 | D88: Criminal Classes | E88: 5972 | F88: 5534 | G88: 438 | H88: 917 | I88: 884 | J88: 33 | K88: 38 | L88: 35 | M88: 3 | N88: 1160 | O88: 1061 | P88: 99 | Q88: 309 | R88: 289 | S88: 20 | T88: 2433 | U88: 2348 | V88: 85 | W88: 1115 | X88: 917 | Y88: 198
A90: VIII. | B90: XVIII. | C90: 1 | D90: Persons whose Occupation is Unknown or Unspecified | E90: 5070 | F90: 3092 | G90: 1978 | H90: 2008 | I90: 1317 | J90: 691 | K90: 68 | L90: 50 | M90: 18 | N90: 532 | O90: 269 | P90: 263 | Q90: 185 | R90: 140 | S90: 45 | T90: 1310 | U90: 723 | V90: 587 | W90: 967 | X90: 593 | Y90: 374

Sheet 1911
A1: The Union Of South Africa | C1: Page | D1: Total | E1: Urban | I1: Total | J1: Rural
E2: European or White | G2: Other than European or White | J2: European or White | L2: Other than European or White
E3: Male | F3: Female | G3: Male | H3: Female | J3: Male | K3: Female | L3: Male | M3: Female
A5: Occupations
A6: I Proffesional | C6: 674- 675 | P6: White collar
A7: A) General or Local Government | P7: Farmer
A8: 1 | B8: Union and Provincial Government | D8: =SUM(E8:H8) -> 11769 | E8: 8291 | F8: 258 | G8: 3211 | H8: 9 | I8: =SUM(J8:M8) -> 5055 | J8: 2176 | K8: 20 | L8: 2855 | M8: 4 | P8: Skilled/semi-skilled
A9: 2 | B9: Local Government | D9: =SUM(E9:H9) -> 1778 | E9: 1685 | F9: 13 | G9: 80 | I9: =SUM(J9:M9) -> 65 | J9: 56 | L9: 9 | P9: Unskilled
A10: 3 | B10: Defence of the Country | D10: =SUM(E10:H10) -> 13112 | E10: 12924 | G10: 188 | I10: =SUM(J10:M10) -> 560 | J10: 519 | L10: 41
A11: 4 | B11: Officers of Foreign Government | D11: =SUM(E11:H11) -> 247 | E11: 233 | F11: 1 | G11: 13 | I11: =SUM(J11:M11) -> 1 | J11: 1
A12: B) Religion, Charity, Law, Health, Educ etc.
A13: 1 | B13: Religion and Charity | D13: =SUM(E13:H13) -> 3251 | E13: 1810 | F13: 757 | G13: 671 | H13: 13 | I13: =SUM(J13:M13) -> 2235 | J13: 745 | K13: 508 | L13: 961 | M13: 21
A14: 2 | B14: Law | D14: =SUM(E14:H14) -> 3621 | E14: 3382 | F14: 55 | G14: 184 | I14: =SUM(J14:M14) -> 438 | J14: 364 | K14: 2 | L14: 71 | M14: 1
A15: 3 | B15: Public Healt | D15: =SUM(E15:H15) -> 6293 | E15: 2892 | F15: 2484 | G15: 602 | H15: 315 | I15: =SUM(J15:M15) -> 945 | J15: 267 | K15: 314 | L15: 257 | M15: 107
A16: 4 | B16: Literature | D16: =SUM(E16:H16) -> 636 | E16: 459 | F16: 172 | G16: 5 | I16: =SUM(J16:M16) -> 22 | J16: 12 | K16: 8 | L16: 2
A17: 5 | B17: Science | D17: =SUM(E17:H17) -> 289 | E17: 265 | F17: 20 | G17: 4 | I17: =SUM(J17:M17) -> 41 | J17: 40 | K17: 1
A18: 6 | B18: Engineering, Surveying, Architecture | D18: =SUM(E18:H18) -> 1247 | E18: 1238 | F18: 2 | G18: 7 | I18: =SUM(J18:M18) -> 199 | J18: 189 | K18: 1 | L18: 9
A19: 7 | B19: Education | D19: =SUM(E19:H19) -> 8559 | E19: 2148 | F19: 5395 | G19: 575 | H19: 441 | I19: =SUM(J19:M19) -> 9341 | J19: 2048 | K19: 4162 | L19: 1964 | M19: 1167
A20: 8 | B20: Fine Arts | D20: =SUM(E20:H20) -> 947 | E20: 682 | F20: 199 | G20: 60 | H20: 6 | I20: =SUM(J20:M20) -> 91 | J20: 77 | K20: 11 | L20: 3
A21: 9 | B21: Music | D21: =SUM(E21:H21) -> 1546 | E21: 443 | F21: 1067 | G21: 29 | H21: 7 | I21: =SUM(J21:M21) -> 85 | J21: 12 | K21: 72 | L21: 1
A22: 10 | B22: Amusement | D22: =SUM(E22:H22) -> 1119 | E22: 798 | F22: 193 | G22: 123 | H22: 5 | I22: =SUM(J22:M22) -> 40 | J22: 22 | K22: 3 | L22: 14 | M22: 1
A23: II Domestic
A24: C) Domestic Offices or Household Duties
A25: 1 | B25: Wives, Widows, Daughters, other Relatives | D25: =SUM(E25:H25) -> 210129 | E25: 12 | F25: 142042 | G25: 12 | H25: 68063 | I25: =SUM(J25:M25) -> 241297 | J25: 32 | K25: 124225 | L25: 28 | M25: 117012
A26: D) Supply of Board and Lodging, Attendance
A27: 1 | B27: Supply of Board and Lodging | D27: =SUM(E27:H27) -> 4367 | E27: 2420 | F27: 1659 | G27: 214 | H27: 74 | I27: =SUM(J27:M27) -> 610 | J27: 392 | K27: 174 | L27: 31 | M27: 13
A28: 2 | B28: Engaged in Attendance | D28: =SUM(E28:H28) -> 144247 | E28: 4911 | F28: 9913 | G28: 66204 | H28: 63219 | I28: =SUM(J28:M28) -> 135579 | J28: 1205 | K28: 3172 | L28: 50459 | M28: 80743
A29: III Commercial
A30: E) Buying, Selling, Exchanging, Insuring etc.
A31: 1 | B31: Mercantile Persons | D31: =SUM(E31:H31) -> 56505 | E31: 35408 | F31: 5531 | G31: 15232 | H31: 334 | I31: =SUM(J31:M31) -> 12096 | J31: 7623 | K31: 392 | L31: 4021 | M31: 60
A32: F) Conveyance of Men, Animals, Goods etc.
A33: 1 | B33: Rail | D33: =SUM(E33:H33) -> 12747 | E33: 11280 | F33: 72 | G33: 1390 | H33: 5 | I33: =SUM(J33:M33) -> 2903 | J33: 2305 | K33: 12 | L33: 578 | M33: 8
A34: 2 | B34: Tramways and Roads | D34: =SUM(E34:H34) -> 16391 | E34: 5577 | F34: 23 | G34: 10785 | H34: 6 | I34: =SUM(J34:M34) -> 5929 | J34: 1486 | K34: 6 | L34: 4424 | M34: 13
A35: 3 | B35: Sea and River | D35: =SUM(E35:H35) -> 4984 | E35: 3963 | F35: 29 | G35: 992 | I35: =SUM(J35:M35) -> 262 | J35: 188 | L35: 74
A36: 4 | B36: Storage | D36: =SUM(E36:H36) -> 1783 | E36: 430 | F36: 6 | G36: 1344 | H36: 3 | I36: =SUM(J36:M36) -> 2 | J36: 2
A37: 5 | B37: Post and Telegraph Service | D37: =SUM(E37:H37) -> 5364 | E37: 4243 | F37: 372 | G37: 746 | H37: 3 | I37: =SUM(J37:M37) -> 771 | J37: 385 | K37: 71 | L37: 308 | M37: 7
A38: 6 | B38: Others engaged in Conveyance | D38: =SUM(E38:H38) -> 2832 | E38: 1057 | F38: 6 | G38: 1765 | H38: 4 | I38: =SUM(J38:M38) -> 238 | J38: 35 | L38: 202 | M38: 1
A39: IV Agricultural | C39: 676- 677
A40: G) Working, Cultivating Land and Animals
A41: 1 | B41: Agricultural or Pastoral Pursuits | D41: =SUM(E41:H41) -> 79630 | E41: 14113 | F41: 1136 | G41: 39610 | H41: 24771 | I41: =SUM(J41:M41) -> 2096676 | J41: 150519 | K41: 23015 | L41: 866576 | M41: 1056566
A42: 2 | B42: Woods and Forests | D42: =SUM(E42:H42) -> 359 | E42: 206 | F42: 5 | G42: 145 | H42: 3 | I42: =SUM(J42:M42) -> 3082 | J42: 906 | K42: 7 | L42: 2001 | M42: 168
A43: 3 | B43: Lands (not cultivating or grazing) | D43: =SUM(E43:H43) -> 8 | E43: 3 | G43: 5 | I43: =SUM(J43:M43) -> 227 | J43: 46 | K43: 6 | L43: 154 | M43: 21
A44: 4 | B44: Animals | D44: =SUM(E44:H44) -> 3999 | E44: 1690 | F44: 2 | G44: 2305 | H44: 2 | I44: =SUM(J44:M44) -> 1947 | J44: 590 | K44: 1 | L44: 1356
A45: V Idustrial
A46: H) Working, Dealing in Art, Mechanic Prod.
A47: 1 | B47: Books, Publications, Advertising | D47: =SUM(E47:H47) -> 5075 | E47: 3466 | F47: 626 | G47: 892 | H47: 91 | I47: =SUM(J47:M47) -> 130 | J47: 74 | K47: 14 | L47: 38 | M47: 4
A48: 2 | B48: Musical Instruments | D48: =SUM(E48:H48) -> 223 | E48: 207 | F48: 13 | G48: 3 | I48: =SUM(J48:M48) -> 16 | J48: 15 | L48: 1
A49: 3 | B49: Prints, Pictures | D49: =SUM(E49:H49) -> 96 | E49: 89 | G49: 7 | I49: =SUM(J49:M49) -> 1 | K49: 1
A50: 4 | B50: Figures, Ornaments, Small Wares | D50: =SUM(E50:H50) -> 141 | E50: 60 | F50: 1 | G50: 72 | H50: 8 | I50: =SUM(J50:M50) -> 10 | J50: 1 | L50: 9
A51: 5 | B51: Design, Medals, Dies | D51: =SUM(E51:H51) -> 130 | E51: 124 | F51: 2 | G51: 3 | H51: 1 | I51: =SUM(J51:M51) -> 8 | J51: 8
A52: 6 | B52: Watches, Philosophical Instruments | D52: =SUM(E52:H52) -> 588 | E52: 556 | F52: 4 | G52: 28 | I52: =SUM(J52:M52) -> 32 | J52: 25 | L52: 7
A53: 7 | B53: Surgical Instruments | D53: =SUM(E53:H53) -> 18 | E53: 18 | I53: =SUM(J53:M53) -> 0
A54: 8 | B54: Arms, Explosives | D54: =SUM(E54:H54) -> 328 | E54: 263 | F54: 8 | G54: 12 | H54: 45 | I54: =SUM(J54:M54) -> 1069 | J54: 209 | K54: 7 | L54: 848 | M54: 5
A55: 9 | B55: Machines, Tools, Implements | D55: =SUM(E55:H55) -> 2225 | E55: 2145 | F55: 4 | G55: 76 | I55: =SUM(J55:M55) -> 325 | J55: 309 | L55: 16
A56: 10 | B56: Carriages, Saddlery, Harness | D56: =SUM(E56:H56) -> 5464 | E56: 3985 | F56: 9 | G56: 1468 | H56: 2 | I56: =SUM(J56:M56) -> 693 | J56: 501 | L56: 192
A57: 11 | B57: Ships, Boats | D57: =SUM(E57:H57) -> 476 | E57: 356 | F57: 4 | G57: 116 | I57: =SUM(J57:M57) -> 48 | J57: 35 | L57: 13
A58: 12 | B58: Furniture | D58: =SUM(E58:H58) -> 2071 | E58: 1516 | F58: 46 | G58: 496 | H58: 13 | I58: =SUM(J58:M58) -> 90 | J58: 68 | L58: 22
A59: 13 | B59: Chemicals | D59: =SUM(E59:H59) -> 278 | E59: 48 | F59: 4 | G59: 226 | I59: =SUM(J59:M59) -> 44 | J59: 5 | L59: 38 | M59: 1
A60: I) Construction or Repair
A61: 1 | B61: Railways | D61: =SUM(E61:H61) -> 12366 | E61: 2817 | F61: 4 | G61: 9545 | I61: =SUM(J61:M61) -> 14153 | J61: 3217 | L61: 10936
A62: 2 | B62: Roads, Harbours, Bridges, Earthworks, Houses | D62: =SUM(E62:H62) -> 37365 | E62: 20107 | F62: 15 | G62: 17241 | H62: 2 | I62: =SUM(J62:M62) -> 10739 | J62: 4550 | L62: 6189
A63: 3 | B63: Water, Irrigation works | D63: =SUM(E63:H63) -> 364 | E63: 275 | G63: 89 | I63: =SUM(J63:M63) -> 1728 | J63: 694 | K63: 1 | L63: 1031 | M63: 2
A64: 4 | B64: Disposal of the Dead, Dead Matter, Refuse | D64: =SUM(E64:H64) -> 2011 | E64: 580 | F64: 4 | G64: 1425 | H64: 2 | I64: =SUM(J64:M64) -> 84 | J64: 24 | L64: 60
A65: J) Working or Dealing in Textile Fabrics etc.
A66: 1 | B66: Textile Fabrics | D66: =SUM(E66:H66) -> 5345 | E66: 2560 | F66: 2524 | G66: 210 | H66: 51 | I66: =SUM(J66:M66) -> 228 | J66: 137 | K66: 65 | L66: 20 | M66: 6
A67: 2 | B67: Dress | D67: =SUM(E67:H67) -> 16575 | E67: 5678 | F67: 6659 | G67: 3078 | H67: 1160 | I67: =SUM(J67:M67) -> 1110 | J67: 307 | K67: 393 | L67: 291 | M67: 119
A68: 3 | B68: Fibrous Materials | D68: =SUM(E68:H68) -> 83 | E68: 61 | F68: 3 | G68: 16 | H68: 3 | I68: =SUM(J68:M68) -> 18 | J68: 13 | K68: 1 | L68: 4
A69: K) Working or Dealing with Food, Drink etc. | C69: 678- 679
A70: 1 | B70: Animal Food | D70: =SUM(E70:H70) -> 6838 | E70: 3960 | F70: 131 | G70: 2597 | H70: 150 | I70: =SUM(J70:M70) -> 1135 | J70: 451 | K70: 19 | L70: 567 | M70: 98
A71: 2 | B71: Vegetable Food | D71: =SUM(E71:H71) -> 10254 | E71: 5020 | F71: 570 | G71: 4234 | H71: 430 | I71: =SUM(J71:M71) -> 1105 | J71: 509 | K71: 27 | L71: 527 | M71: 42
A72: 3 | B72: Drinks, Narcotics, Stimulants | D72: =SUM(E72:H72) -> 5198 | E72: 3011 | F72: 391 | G72: 1577 | H72: 219 | I72: =SUM(J72:M72) -> 376 | J72: 153 | K72: 11 | L72: 137 | M72: 75
A73: L) Working or Dealing in Animals, Vegt Subst.
A74: 1 | B74: Animal Matters | D74: =SUM(E74:H74) -> 1791 | E74: 990 | F74: 172 | G74: 545 | H74: 84 | I74: =SUM(J74:M74) -> 421 | J74: 154 | K74: 1 | L74: 258 | M74: 8
A75: 2 | B75: Vegetable Matters | D75: =SUM(E75:H75) -> 2430 | E75: 1018 | F75: 31 | G75: 1293 | H75: 88 | I75: =SUM(J75:M75) -> 1867 | J75: 450 | K75: 1 | L75: 1363 | M75: 53
A76: M) Working or Dealing with Minerals
A77: 1 | B77: Mining | D77: =SUM(E77:H77) -> 260577 | E77: 27255 | F77: 16 | G77: 233279 | H77: 27 | I77: =SUM(J77:M77) -> 55835 | J77: 5566 | K77: 9 | L77: 49556 | M77: 704
A78: 2 | B78: Coal | D78: =SUM(E78:H78) -> 2770 | E78: 2260 | F78: 53 | G78: 429 | H78: 28 | I78: =SUM(J78:M78) -> 412 | J78: 180 | L78: 231 | M78: 1
A79: 3 | B79: Stone, Clay, Earthenware, Glass | D79: =SUM(E79:H79) -> 5044 | E79: 1208 | F79: 3 | G79: 3832 | H79: 1 | I79: =SUM(J79:M79) -> 2834 | J79: 445 | K79: 3 | L79: 2382 | M79: 4
A80: 4 | B80: Salt | D80: =SUM(E80:H80) -> 13 | E80: 7 | G80: 6 | I80: =SUM(J80:M80) -> 282 | J80: 149 | K80: 1 | L80: 125 | M80: 7
A81: 5 | B81: Water | D81: =SUM(E81:H81) -> 146 | E81: 94 | F81: 2 | G81: 50 | I81: =SUM(J81:M81) -> 137 | J81: 45 | L81: 91 | M81: 1
A82: 6 | B82: Gold, Silver, Precious Stones | D82: =SUM(E82:H82) -> 787 | E82: 518 | F82: 17 | G82: 251 | H82: 1 | I82: =SUM(J82:M82) -> 62 | J82: 9 | L82: 53
A83: 7 | B83: Metals Other than Gold and Silver | D83: =SUM(E83:H83) -> 10191 | E83: 7876 | F83: 34 | G83: 2271 | H83: 10 | I83: =SUM(J83:M83) -> 2261 | J83: 1590 | K83: 2 | L83: 668 | M83: 1
A84: N) Mechanical Operations or Labour
A85: 1 | B85: Mechanical operations or Labour | D85: =SUM(E85:H85) -> 51539 | E85: 9582 | F85: 37 | G85: 41659 | H85: 261 | I85: =SUM(J85:M85) -> 28517 | J85: 3170 | K85: 5 | L85: 24899 | M85: 443
A86: VI Indefinite
A87: O) Independent, Imperfectly Described
A88: 1 | B88: Independent Means | D88: =SUM(E88:H88) -> 3034 | E88: 1967 | F88: 920 | G88: 120 | H88: 27 | I88: =SUM(J88:M88) -> 648 | J88: 364 | K88: 212 | L88: 57 | M88: 15
A89: 2 | B89: Occupations imperfectly defined | D89: =SUM(E89:H89) -> 3802 | E89: 502 | F89: 1972 | G89: 257 | H89: 1071 | I89: =SUM(J89:M89) -> 6036 | J89: 270 | K89: 2245 | L89: 310 | M89: 3211
A90: 3 | B90: No Occupation | D90: =SUM(E90:H90) -> 2096 | E90: 876 | F90: 365 | G90: 627 | H90: 228 | I90: =SUM(J90:M90) -> 3401 | J90: 657 | K90: 377 | L90: 1419 | M90: 948
A91: VII Dependents
A92: P) Supported by Natural Guardians
A93: 1 | B93: Students, Scholars, Children | D93: =SUM(E93:H93) -> 401600 | E93: 115919 | F93: 117242 | G93: 82867 | H93: 85572 | I93: =SUM(J93:M93) -> 1820089 | J93: 131024 | K93: 124959 | L93: 766052 | M93: 798054
A94: Q) Supported by the Community
A95: 1 | B95: Supported from Voluntary Sources, Public Rev | D95: =SUM(E95:H95) -> 5953 | E95: 1134 | F95: 827 | G95: 2868 | H95: 1124 | I95: =SUM(J95:M95) -> 1892 | J95: 80 | K95: 32 | L95: 1019 | M95: 761
A96: 2 | B96: Criminal Class | D96: =SUM(E96:H96) -> 10496 | E96: 1144 | F96: 52 | G96: 8429 | H96: 871 | I96: =SUM(J96:M96) -> 3029 | J96: 106 | L96: 2883 | M96: 40
A97: VIII Unspecified
A98: R) Occupations Unkown and Unspecified
A99: 1 | B99: Unkown and Unspecified | D99: =SUM(E99:H99) -> 4328 | E99: 1565 | F99: 729 | G99: 1416 | H99: 618 | I99: =SUM(J99:M99) -> 8631 | J99: 1674 | K99: 979 | L99: 3309 | M99: 2669
A102: Total- The Union of South Africa | D102: =SUM(D8:D100) -> 1477868 | E102: =SUM(E8:E100) -> 353380 | F102: =SUM(F8:F100) -> 304906 | G102: =SUM(G8:G100) -> 570111 | H102: =SUM(H8:H100) -> 249471 | I102: =SUM(I8:I100) -> 4490233 | J102: =SUM(J8:J100) -> 329480 | K102: =SUM(K8:K100) -> 285548 | ... M102: =SUM(M8:M100) -> 2063185
A107: Cape of Good Hope | C107: Page | D107: Total | E107: Urban | I107: Total | J107: Rural
...

Sheet Summaries
A1: European/White working age male population from available censuses (frequencies)
B2: 1865 | C2: 1875 | D2: 1891 | E2: 1911
A3: White collar | B3: ='1865 v. 1875'!K8+'1865 v. 1875'!K9+'1865 v. 1875'!K10+'1865 v. 1875'!K12+'1865 v. 1875'!K13+'1865 v. 1875'!K14+'1865 v. 1875'!K15+'1865 v. 1875'!K16+'1865 v. 1875'!K17+'1865 v. 1875'!K18+'1865 v. 1875'!K24+'1865 v. 1875'!K27+'1865 v. 1875'!K30+'1865 v. 1875'!K32+'1865 v. 1875'!K34+'1865 v. 1875'!K41+'1865 v. 1875'!K46+'1865 v. 1875'!K47+'1865 v. 1875'!K49+'1865 v. 1875'!K50+'1865 v. 1875'!K51+'1865 v. 1875'!K53 -> 14423 | C3: ='1865 v. 1875'!M8+'1865 v. 1875'!M9+'1865 v. 1875'!M10+'1865 v. 1875'!M12+'1865 v. 1875'!M13+'1865 v. 1875'!M14+'1865 v. 1875'!M15+'1865 v. 1875'!M16+'1865 v. 1875'!M17+'1865 v. 1875'!M18+'1865 v. 1875'!M19+'1865 v. 1875'!M20+'1865 v. 1875'!M24+'1865 v. 1875'!M27+'1865 v. 1875'!M28+'1865 v. 1875'!M30+'1865 v. 1875'!M31+'1865 v. 1875'!M32+'1865 v. 1875'!M33+'1865 v. 1875'!M34+'1865 v. 1875'!M41+'1865 v. 1875'!M42+'1865 v. 1875'!M43+'1865 v. 1875'!M44+'1865 v. 1875'!M45+'1865 v. 1875'!M46+'1865 v. 1875'!M47+'1865 v. 1875'!M48+'1865 v. 1875'!M49+'1865 v. 1875'!M50+'1865 v. 1875'!M51+'1865 v. 1875'!M52+'1865 v. 1875'!M53 -> 21886 | D3: 31715 | E3: 144648
A4: Farmer | B4: ='1865 v. 1875'!K36+'1865 v. 1875'!K37+'1865 v. 1875'!K39 -> 26829 | C4: ='1865 v. 1875'!M36+'1865 v. 1875'!M37+'1865 v. 1875'!M38+'1865 v. 1875'!M39 -> 34069 | D4: 59509 | E4: 236057
A5: Skilled/semi-skilled | B5: ='1865 v. 1875'!K55+'1865 v. 1875'!K56+'1865 v. 1875'!K59+'1865 v. 1875'!K60+'1865 v. 1875'!K61+'1865 v. 1875'!K63+'1865 v. 1875'!K64+'1865 v. 1875'!K66+'1865 v. 1875'!K67+'1865 v. 1875'!K68+'1865 v. 1875'!K72 -> 3620 | C5: ='1865 v. 1875'!M55+'1865 v. 1875'!M56+'1865 v. 1875'!M57+'1865 v. 1875'!M59+'1865 v. 1875'!M60+'1865 v. 1875'!M61+'1865 v. 1875'!M63+'1865 v. 1875'!M64+'1865 v. 1875'!M66+'1865 v. 1875'!M67+'1865 v. 1875'!M68+'1865 v. 1875'!M70+'1865 v. 1875'!M72 -> 5700 | D5: 20075 | E5: 93945
A6: Unskilled | B6: ='1865 v. 1875'!K25+'1865 v. 1875'!K74+'1865 v. 1875'!K75 -> 3613 | C6: ='1865 v. 1875'!M25+'1865 v. 1875'!M74+'1865 v. 1875'!M75 -> 3069 | D6: 2269 | E6: 18912
A7: Total working age pop | B7: =SUM(B3:B6) -> 48485 | C7: =SUM(C3:C6) -> 64724 | D7: 113568 | E7: 493562
B10: SAF Slavery | C10: SAF Stagnation | D10: Census 1865 | E10: SAF Diamonds | F10: Census 1875 | G10: Census 1891 | H10: SAF Gold | I10: Census 1911
A11: White collar | B11: 17.22 | C11: 20.59 | D11: =B3/$B$7*100 -> 29.747345 | E11: 26.6 | F11: =C3/$C$7*100 -> 33.81435 | G11: 27.926 | H11: 34.79 | I11: 29.306956
A12: Farmer | B12: 64.62 | C12: 61.74 | D12: =B4/$B$7*100 -> 55.33464 | E12: 60.18 | F12: =C4/$C$7*100 -> 52.637352 | G12: 52.399444 | H12: 49.73 | I12: 47.827223
A13: Skilled/semi-skilled | B13: 9.85 | C13: 8.11 | D13: =B5/$B$7*100 -> 7.4662267 | E13: 9.03 | F13: =C5/$C$7*100 -> 8.8066251 | G13: 17.676634 | H13: 12.45 | I13: 19.034083
A14: Unskilled | B14: 8.3 | C14: 9.56 | D14: =B6/$B$7*100 -> 7.4517892 | E14: 4.19 | F14: =C6/$C$7*100 -> 4.7416723 | G14: 1.9979219 | H14: 3.04 | I14: 3.8317375
A15: Total working age pop | B15: =SUM(B11:B14) -> 99.99 | C15: =SUM(C11:C14) -> 100 | D15: =SUM(D11:D14) -> 100 | E15: =SUM(E11:E14) -> 100 | F15: =SUM(F11:F14) -> 100 | G15: =SUM(G11:G14) -> 100 | H15: =SUM(H11:H14) -> 100.01 | I15: =SUM(I11:I14) -> 100
A22: European/White working age male population from available censuses (proportions) compared to SAF occupational structure
B23: Census 1865 | C23: Census 1875 | D23: Census 1891 | E23: Census 1911
A24: White collar | B24: 29.747345 | C24: 33.81435 | D24: 27.926 | E24: 29.306956
A25: Farmer | B25: 55.33464 | C25: 52.637352 | D25: 52.399444 | E25: 47.827223
A26: Skilled/semi-skilled | B26: 7.4662267 | C26: 8.8066251 | D26: 17.676634 | E26: 19.034083
A27: Unskilled | B27: 7.4517892 | C27: 4.7416723 | D27: 1.9979219 | E27: 3.8317375
A28: Total working age pop | B28: 100 | C28: 100 | D28: 100 | E28: 100
